:020000040800F2
:100000000050002061210008791F0008811F0008AE
:10001000891F0008911F0008991F000800000000B8
:10002000000000000000000000000000A11F000808
:10003000AD1F000800000000B91F0008C51F000820
:10004000A9210008A9210008A9210008A921000868
:10005000A9210008A9210008A9210008A921000858
:10006000A9210008A9210008A9210008A921000848
:10007000A9210008A9210008A9210008A921000838
:10008000A9210008A9210008A9210008A921000828
:10009000A9210008A9210008A9210008A921000818
:1000A000A9210008A9210008A9210008A921000808
:1000B000A9210008A9210008A9210008A9210008F8
:1000C000A9210008A9210008A9210008A9210008E8
:1000D000A9210008A9210008A9210008A9210008D8
:1000E000A9210008A9210008A9210008000000009A
:1000F0000000000000000000000000000000000000
:0C01000000000000000000005FF808F1A3
:1001100010B5054C237833B9044B13B10448AFF341
:1001200000800123237010BDEC01002000000000BE
:100130002490000808B5034B1BB103490348AFF3F3
:10014000008008BD00000000F0010020249000089D
:10015000034613F8012B002AFBD1181A0138704707
:1001600081F0004102E000BF83F0004330B54FEA68
:1001700041044FEA430594EA050F08BF90EA020FD5
:100180001FBF54EA000C55EA020C7FEA645C7FEA68
:10019000655C00F0E2804FEA5454D4EB5555B8BF8B
:1001A0006D420CDD2C4480EA020281EA030382EAFC
:1001B000000083EA010180EA020281EA0303362D8E
:1001C00088BF30BD11F0004F4FEA01314FF4801C61
:1001D0004CEA113102D0404261EB410113F0004F73
:1001E0004FEA03334CEA133302D0524263EB43032A
:1001F00094EA050F00F0A780A4F10104D5F1200EC8
:100200000DDB02FA0EFC22FA05F2801841F1000122
:1002100003FA0EF2801843FA05F359410EE0A5F1F6
:1002200020050EF1200E012A03FA0EFC28BF4CF027
:10023000020C43FA05F3C01851EBE37101F00045DD
:1002400007D54FF0000EDCF1000C7EEB00006EEBEA
:100250000101B1F5801F1BD3B1F5001F0CD3490874
:100260005FEA30004FEA3C0C04F101044FEA4452CB
:1002700012F5800F80F09A80BCF1004F08BF5FEA52
:10028000500C50F1000041EB045141EA050130BD32
:100290005FEA4C0C404141EB0101013C28BFB1F544
:1002A000801FE9D291F0000F04BF01460020B1FA8F
:1002B00081F308BF2033A3F10B03B3F120020CDA62
:1002C0000C3208DD02F1140CC2F10C0201FA0CF040
:1002D00021FA02F10CE002F11402D8BFC2F1200CA5
:1002E00001FA02F120FA0CFCDCBF41EA0C0190405B
:1002F000E41AA2BF01EB0451294330BD6FEA0404A4
:100300001F3C1CDA0C340EDC04F11404C4F120028E
:1003100020FA04F001FA02F340EA030021FA04F3A0
:1003200045EA030130BDC4F10C04C4F1200220FAF7
:1003300002F001FA04F340EA0300294630BD21FA35
:1003400004F0294630BD94F0000F83F4801306BFFB
:1003500081F480110134013D4EE77FEA645C18BFEF
:100360007FEA655C29D094EA050F08BF90EA020F86
:1003700005D054EA000C04BF1946104630BD91EA7E
:10038000030F1EBF0021002030BD5FEA545C05D181
:100390004000494128BF41F0004130BD14F58004C0
:1003A0003CBF01F5801130BD01F0004545F0FE4134
:1003B00041F470014FF0000030BD7FEA645C1ABF69
:1003C000194610467FEA655C1CBF0B46024650EAA0
:1003D000013406BF52EA033591EA030F41F40021CC
:1003E00030BD00BF90F0000F04BF0021704730B552
:1003F0004FF4806404F132044FF000054FF0000127
:1004000050E700BF90F0000F04BF0021704730B5E7
:100410004FF4806404F1320410F0004548BF4042BC
:100420004FF000013EE700BF42004FEAE2014FEA11
:1004300031014FEA02701FBF12F07F4393F07F4FEC
:1004400081F06051704732F07F4208BF704793F0EF
:100450007F4F04BF41F40021704730B54FF4607402
:1004600001F0004521F000411CE700BF50EA010205
:1004700008BF704730B54FF000050AE050EA0102AE
:1004800008BF704730B511F0004502D5404261EB1E
:1004900041014FF4806404F132045FEA915C3FF45F
:1004A000D8AE4FF003025FEADC0C18BF03325FEAFC
:1004B000DC0C18BF033202EBDC02C2F1200300FAAD
:1004C00003FC20FA02F001FA03FE40EA0E0021FAD2
:1004D00002F11444BDE600BF70B54FF0FF0C4CF4C0
:1004E000E06C1CEA11541DBF1CEA135594EA0C0F72
:1004F00095EA0C0F00F0DEF82C4481EA030621EAAD
:100500004C5123EA4C5350EA013518BF52EA0335E7
:1005100041F4801143F4801338D0A0FB02CE4FF099
:100520000005E1FB02E506F00042E0FB03E54FF0C9
:100530000006E1FB03569CF0000F18BF4EF0010EC1
:10054000A4F1FF04B6F5007F64F5407404D25FEABD
:100550004E0E6D4146EB060642EAC62141EA555170
:100560004FEAC52040EA5E504FEACE2EB4F1FD0CB2
:1005700088BFBCF5E06F1ED8BEF1004F08BF5FEA30
:10058000500E50F1000041EB045170BD06F00046E2
:1005900046EA010140EA020081EA0301B4EB5C048F
:1005A000C2BFD4EB0C0541EA045170BD41F4801187
:1005B0004FF0000E013C00F3AB8014F1360FDEBFAC
:1005C000002001F0004170BDC4F10004203C35DA88
:1005D0000C341BDC04F11404C4F1200500FA05F30B
:1005E00020FA04F001FA05F240EA020001F00042AC
:1005F00021F0004110EBD37021FA04F642EB060122
:100600005EEA430E08BF20EAD37070BDC4F10C044B
:10061000C4F1200500FA04F320FA05F001FA04F20F
:1006200040EA020001F0004110EBD37041F10001FB
:100630005EEA430E08BF20EAD37070BDC4F1200506
:1006400000FA05F24EEA020E20FA04F301FA05F26E
:1006500043EA020321FA04F001F0004121FA04F216
:1006600020EA020000EBD3705EEA430E08BF20EAE6
:10067000D37070BD94F0000F0FD101F00046400020
:1006800041EB010111F4801F08BF013CF7D041EAA2
:10069000060195F0000F18BF704703F000465200A6
:1006A00043EB030313F4801F08BF013DF7D043EA77
:1006B0000603704794EA0C0F0CEA135518BF95EA2D
:1006C0000C0F0CD050EA410618BF52EA4306D1D1B4
:1006D00081EA030101F000414FF0000070BD50EAD3
:1006E000410606BF1046194652EA430619D094EA5D
:1006F0000C0F02D150EA013613D195EA0C0F05D147
:1007000052EA03361CBF104619460AD181EA03019A
:1007100001F0004141F0FE4141F470014FF0000052
:1007200070BD41F0FE4141F4780170BD70B54FF0ED
:10073000FF0C4CF4E06C1CEA11541DBF1CEA13556D
:1007400094EA0C0F95EA0C0F00F0A7F8A4EB05044F
:1007500081EA030E52EA03354FEA013100F0888046
:100760004FEA03334FF0805545EA131343EA12630F
:100770004FEA022245EA111545EA10654FEA0026C4
:100780000EF000419D4208BF964244F1FD0404F57D
:10079000407402D25B084FEA3202B61A65EB0305D9
:1007A0005B084FEA32024FF480104FF4002CB6EB96
:1007B000020E75EB030E22BFB61A754640EA0C0016
:1007C0005B084FEA3202B6EB020E75EB030E22BF56
:1007D000B61A754640EA5C005B084FEA3202B6EB97
:1007E000020E75EB030E22BFB61A754640EA9C0056
:1007F0005B084FEA3202B6EB020E75EB030E22BF26
:10080000B61A754640EADC0055EA060E18D04FEAE3
:10081000051545EA16754FEA06164FEAC30343EA83
:1008200052734FEAC2025FEA1C1CC0D111F4801F50
:100830000BD141EA00014FF000004FF0004CB6E749
:1008400011F4801F04BF01430020B4F1FD0C88BFE8
:10085000BCF5E06F3FF6AFAEB5EB030C04BFB6EBF3
:10086000020C5FEA500C50F1000041EB045170BDE6
:100870000EF0004E4EEA113114EB5C04C2BFD4EB13
:100880000C0541EA045170BD41F480114FF0000E97
:10089000013C90E645EA060E8DE60CEA135594EA13
:1008A0000C0F08BF95EA0C0F3FF43BAF94EA0C0F16
:1008B0000AD150EA01347FF434AF95EA0C0F7FF48B
:1008C00025AF104619462CE795EA0C0F06D152EADF
:1008D00003353FF4FDAE1046194622E750EA4106C3
:1008E00018BF52EA43067FF4C5AE50EA41047FF4D4
:1008F0000DAF52EA43057FF4EBAE12E74FF0FF3C39
:1009000006E000BF4FF0010C02E000BF4FF0010C09
:100910004DF804CD4FEA410C7FEA6C5C4FEA430C82
:1009200018BF7FEA6C5C1BD001B050EA410C0CBFD1
:1009300052EA430C91EA030F02BF90EA020F002033
:10094000704710F1000F91EA030F58BF994208BF9A
:1009500090422CBFD8176FEAE37040F00100704757
:100960004FEA410C7FEA6C5C02D150EA013C07D1AE
:100970004FEA430C7FEA6C5CD6D152EA033CD3D0F9
:100980005DF8040B704700BF8446104662468C46F3
:100990001946634600E000BF01B5FFF7B7FF002826
:1009A00048BF10F1000F01BD4DF808EDFFF7F4FF4F
:1009B0000CBF012000205DF808FB00BF4DF808EDDA
:1009C000FFF7EAFF34BF012000205DF808FB00BFFD
:1009D0004DF808EDFFF7E0FF94BF012000205DF81F
:1009E00008FB00BF4DF808EDFFF7CEFF94BF0120D4
:1009F00000205DF808FB00BF4DF808EDFFF7C4FFCD
:100A000034BF012000205DF808FB00BF4FEA410C15
:100A10007FEA6C5C02D150EA013C0AD14FEA430CF8
:100A20007FEA6C5C02D152EA033C02D14FF0000035
:100A300070474FF0010070474FEA410212F5001273
:100A400015D211D56FF47873B3EB625212D94FEA15
:100A5000C12343F0004343EA505311F0004F23FAFF
:100A600002F018BF404270474FF00000704750EA54
:100A7000013005D111F0004008BF6FF00040704711
:100A80004FF00000704700BF4A0011D212F500126B
:100A900011D20DD56FF47873B3EB62520ED44FEAD6
:100AA000C12343F0004343EA505323FA02F0704756
:100AB0004FF00000704750EA013002D14FF0FF3094
:100AC00070474FF0000070474FEA4102B2F1E04337
:100AD00024BFB3F5001CDCF1FE5C0DD901F0004C25
:100AE0004FEAC0024CEA5070B2F1004F40EB830075
:100AF00008BF20F00100704711F0804F21D113F1A1
:100B00003872BCBF01F00040704741F480114FEAD9
:100B10005252C2F11802C2F1200C10FA0CF320FA62
:100B200002F018BF40F001004FEAC1234FEAD3237F
:100B300003FA0CFC40EA0C0023FA02F34FEA4303E9
:100B4000CCE77FEA625307D150EA01331EBF4FF072
:100B5000FE4040F44000704701F0004040F0FE408D
:100B600040F40000704700BF80F0004002E000BF8A
:100B700081F0004142001FBF5FEA410392EA030F88
:100B80007FEA226C7FEA236C6AD04FEA1262D2EBD2
:100B90001363C1BFD218414048404140B8BF5B42D7
:100BA000192B88BF704710F0004F40F4000020F070
:100BB0007F4018BF404211F0004F41F4000121F086
:100BC0007F4118BF494292EA030F3FD0A2F10102D0
:100BD00041FA03FC10EB0C00C3F1200301FA03F10E
:100BE00000F0004302D5494260EB4000B0F5000F31
:100BF00013D3B0F1807F06D340084FEA310102F1F0
:100C00000102FE2A51D2B1F1004F40EBC25008BFA1
:100C100020F0010040EA03007047490040EB00006B
:100C2000013A28BFB0F5000FEDD2B0FA80FCACF16C
:100C3000080CB2EB0C0200FA0CF0AABF00EBC25099
:100C400052421843BCBFD0401843704792F0000F87
:100C500081F4000106BF80F400000132013BB5E7DA
:100C60004FEA41037FEA226C18BF7FEA236C21D050
:100C700092EA030F04D092F0000F08BF08467047B5
:100C800090EA010F1CBF0020704712F07F4F04D183
:100C9000400028BF40F00040704712F100723CBF96
:100CA00000F50000704700F0004343F0FE4040F4C0
:100CB000000070477FEA226216BF08467FEA23637E
:100CC0000146420206BF5FEA412390EA010F40F469
:100CD000800070474FF0000304E000BF10F00043B5
:100CE00048BF40425FEA000C08BF704743F096439C
:100CF00001464FF000001CE050EA010208BF7047B7
:100D00004FF000030AE000BF50EA010208BF70473D
:100D100011F0004302D5404261EB41015FEA010C52
:100D200002BF84460146002043F0B64308BFA3F14A
:100D30008053A3F50003BCFA8CF2083AA3EBC2532C
:100D400010DB01FA02FC634400FA02FCC2F120024B
:100D5000BCF1004F20FA02F243EB020008BF20F082
:100D60000100704702F1200201FA02FCC2F12002E8
:100D700050EA4C0021FA02F243EB020008BF20EADD
:100D8000DC7070474FF0FF0C1CEAD0521EBF1CEA0B
:100D9000D15392EA0C0F93EA0C0F6FD01A4480EAF9
:100DA000010C400218BF5FEA41211ED04FF00063E2
:100DB00043EA501043EA5111A0FB01310CF000400E
:100DC000B1F5000F3EBF490041EAD3715B0040EA34
:100DD000010062F17F02FD2A1DD8B3F1004F40EB04
:100DE000C25008BF20F00100704790F0000F0CF0D7
:100DF000004C08BF49024CEA502040EA51207F3A9B
:100E0000C2BFD2F1FF0340EAC250704740F4000075
:100E10004FF00003013A5DDC12F1190FDCBF00F066
:100E200000407047C2F10002410021FA02F1C2F114
:100E3000200200FA02FC5FEA310040F1000053EAB0
:100E40004C0308BF20EADC70704792F0000F00F0FE
:100E5000004C02BF400010F4000F013AF9D040EA04
:100E60000C0093F0000F01F0004C02BF490011F498
:100E7000000F013BF9D041EA0C018FE70CEAD15396
:100E800092EA0C0F18BF93EA0C0F0AD030F0004C16
:100E900018BF31F0004CD8D180EA010000F00040CA
:100EA000704790F0000F17BF90F0004F084691F088
:100EB000000F91F0004F14D092EA0C0F01D14202C2
:100EC0000FD193EA0C0F03D14B0218BF084608D18B
:100ED00080EA010000F0004040F0FE4040F40000D5
:100EE000704740F0FE4040F4400070474FF0FF0C68
:100EF0001CEAD0521EBF1CEAD15392EA0C0F93EAAF
:100F00000C0F69D0A2EB030280EA010C49024FEA00
:100F1000402037D04FF0805343EA111143EA1013B9
:100F20000CF000408B4238BF5B0042F17D024FF471
:100F3000000C8B4224BF5B1A40EA0C00B3EB510F4C
:100F400024BFA3EB510340EA5C00B3EB910F24BF35
:100F5000A3EB910340EA9C00B3EBD10F24BFA3EBBA
:100F6000D10340EADC001B0118BF5FEA1C1CE0D182
:100F7000FD2A3FF650AF8B4240EBC25008BF20F035
:100F8000010070470CF0004C4CEA50207F32C2BF89
:100F9000D2F1FF0340EAC250704740F400004FF026
:100FA0000003013A37E792F0000F00F0004C02BF57
:100FB000400010F4000F013AF9D040EA0C0093F021
:100FC000000F01F0004C02BF490011F4000F013B7B
:100FD000F9D041EA0C0195E70CEAD15392EA0C0FE3
:100FE00008D142027FF47DAF93EA0C0F7FF470AF1B
:100FF000084676E793EA0C0F04D14B023FF44CAF5E
:1010000008466EE730F0004C18BF31F0004CCAD1F2
:1010100030F000427FF45CAF31F000437FF43CAF2E
:101020005FE700BF4FF0FF3C06E000BF4FF0010C50
:1010300002E000BF4FF0010C4DF804CD4FEA400232
:101040004FEA41037FEA226C18BF7FEA236C11D07C
:1010500001B052EA530C18BF90EA010F58BFB2EB2F
:10106000030088BFC81738BF6FEAE17018BF40F0AF
:10107000010070477FEA226C02D15FEA402C05D163
:101080007FEA236CE4D15FEA412CE1D05DF8040BE8
:10109000704700BF844608466146FFE70FB5FFF77B
:1010A000C9FF002848BF10F1000F0FBD4DF808ED33
:1010B000FFF7F4FF0CBF012000205DF808FB00BF24
:1010C0004DF808EDFFF7EAFF34BF012000205DF87E
:1010D00008FB00BF4DF808EDFFF7E0FF94BF0120CB
:1010E00000205DF808FB00BF4DF808EDFFF7D2FFC8
:1010F00094BF012000205DF808FB00BF4DF808ED0B
:10110000FFF7C8FF34BF012000205DF808FB00BFD7
:101110004FEA40024FEA41037FEA226C02D15FEAC4
:10112000402C08D17FEA236C02D15FEA412C02D126
:101130004FF0000070474FF00100704738B50022B3
:10114000002304460D46FFF739FC28B920462946FE
:10115000BDE8384000F00AB8204605F1004100F033
:1011600005F8404261EB410138BD00BFD0B5002217
:101170000B4B06460F46FFF7AFF9FFF785FC044619
:10118000FFF730F90022074BFFF7A6F902460B469E
:1011900030463946FEF7E8FFFFF776FC2146D0BD22
:1011A0000000F03D0000F04180B588B004AFF86069
:1011B0000B467A60FB72FB681868FB7A9AB264236C
:1011C0000293012301937B68009301231C2101F00A
:1011D0004BFD034618461037BD4680BD80B586B02E
:1011E00004AF78600B46FB701346BB707B681868D1
:1011F000FB789AB26423029301230193BB1C0093F2
:1012000001231C2101F036FC034618460837BD4671
:1012100080BD80B584B000AF786039607B683A6883
:101220001A6007F10F031A4607217868FFF7BCFF21
:101230000346002B01D0012317E0FB7BC42B01D018
:10124000012312E0002210217868FFF7C7FF8022F7
:1012500011217868FFF7C2FF012210217868FFF79B
:10126000BDFF0A2001F004F8002318461037BD46E0
:1012700080BD80B58AB004AFF860B9607A603B6029
:1012800007F117031A460021F868FFF78DFF0346A0
:10129000002B01D0012336E0FB7D03F00803002B77
:1012A000EED0FB681868642302930623019307F1CC
:1012B00010030093012301221C2101F0D5FC0346F9
:1012C000002B01D001231EE03B7C1BB21B021AB293
:1012D0007B7C1BB213431AB2BB681A80BB7C1BB267
:1012E0001B021AB2FB7C1BB213431AB27B681A8032
:1012F0003B7D1BB21B021AB27B7D1BB213431AB299
:101300003B681A80002318461837BD4680BD000090
:1013100080B586B000AFF860B9607A603B6007F1D5
:10132000120307F1140207F11601F868FFF7A1FF95
:101330000346002B01D001232AE0B7F916301846E6
:10134000FFF7CCFC034614491846FFF71BFD034684
:101350001A46BB681A60B7F914301846FFF7BEFC8E
:1013600003460D491846FFF70DFD03461A467B68F4
:101370001A60B7F912301846FFF7B0FC0346064969
:101380001846FFF7FFFC03461A463B681A60002325
:1013900018461837BD4680BDCDCCCC3D80B582B057
:1013A00000AF7860391D4FF0FF330122034803F08E
:1013B00011F8012318460837BD4680BDB002002051
:1013C0002DE9B04396B006AF00F0F0FE00F0AAFBA6
:1013D00000F06AFC00F0E2FB00F03CFC00F00CFCCA
:1013E00078497948FFF715FF012387F83F3017E068
:1013F00097F83F309BB25B0099B20A2302227148F2
:1014000001F0A6FE0346002B05D197F83F301946A0
:101410006E4804F0D9F897F83F30013387F83F3031
:1014200097F93F30002BE3DA66496748FFF7F1FE92
:101430000346002B02D0664B01221A70644B1B78C6
:10144000012B0BD1634804F027F90221624801F017
:10145000B3F94FF47A7000F00BFFEFE75F4B604A8F
:1014600060495948FFF754FF5E4B1B685E4A12689B
:1014700011461846FFF77CFB034623F00043BB638D
:10148000574B1B68594A126811461846FFF770FB04
:10149000034623F000437B63504B1B68544A126899
:1014A00011461846FFF764FB034623F000433B63F5
:1014B0005049B86BFFF722FE0346002B0DD14D4972
:1014C000786BFFF71BFE0346002B06D14949386BAA
:1014D000FFF714FE0346002B01D0012300E0002398
:1014E00087F82F30444B1B78002B40F0298143486C
:1014F00004F0D2F801220221374801F045F9394BB6
:101500001B683F4A126811461846FFF7D9FD03468B
:10151000002B03D0334B1B68394A1360314B1B68D7
:10152000384A126811461846FFF7E8FD0346002BBB
:1015300003D02C4B1B68334A1360294B1B68324A7B
:10154000126811461846FFF7BBFD0346002B03D077
:10155000234B1B682C4A1360214B1B682B4A1268D3
:1015600011461846FFF7CAFD0346002B03D01C4B5B
:101570001B68264A1360194B1B68254A12681146DE
:101580001846FFF79DFD0346002B03D0134B1B6845
:101590001F4A1360114B1B681E4A126811461846F9
:1015A000FFF7ACFD0346002B03D00C4B1B68194A18
:1015B000136097F82F30002B30D0174B00221A60A1
:1015C00031E000BF08020020F8020020409000082F
:1015D0002803002060900008000801400403002058
:1015E00000030020FC020020140300201803002048
:1015F0001C030020000060402003002074900008BD
:101600000000002004000020080000200C00002042
:10161000100000201400002024030020394B1B6818
:101620000133384A1360374B1B681E2B40F24E8241
:10163000354B1B68354A126811461846FFF79AFA6F
:1016400003464FF080411846FFF750FC03461A4608
:101650002F4B1A602F4B1B682F4A126811461846F1
:10166000FFF788FA03464FF080411846FFF73EFC2B
:1016700003461A46294B1A60294B1B68294A1268EF
:1016800011461846FFF776FA03464FF08041184698
:10169000FFF72CFC03461A46234B1A60234B01220A
:1016A0001A7000F0DBFD0346214A1360002202217C
:1016B000204801F069F8204803F0EEFF144B1B6846
:1016C0001846FEF7B1FE80468946144B1B68184643
:1016D000FEF7AAFE04460D46134B1B681846FEF79C
:1016E000A3FE02460B46CDE90223CDE90045424662
:1016F0004B46124803F068FF012201210D4801F01A
:1017000043F8E3E12403002004000020000000204F
:10171000080300200C000020080000200C0300201B
:1017200014000020100000201003002020030020DF
:101730004C0300200008014090900008A49000088D
:101740009A4B1B689A4A126811461846FFF710FA1E
:101750000346BB62974B1B68974A126811461846AE
:10176000FFF706FA03467B62944B1B68944A1268A3
:1017700011461846FFF7FCF903463B629149B86AE7
:10178000FFF700FB03461C468F4B1B688F4918462A
:10179000FFF7F8FA034619462046FFF7EBF9034630
:1017A0001A468B4B1A608749786AFFF7EBFA0346B3
:1017B0001C46884B1B6885491846FFF7E3FA034629
:1017C00019462046FFF7D6F903461A46824B1A609F
:1017D0007C49386AFFF7D6FA03461C467F4B1B68E4
:1017E0007A491846FFF7CEFA034619462046FFF716
:1017F000C1F903461A467A4B1A6000F02FFD0246E3
:10180000784B1B68D31AFB61714B1B681846FEF7B7
:101810000BFE80468946704B1B681846FEF704FE97
:1018200004460D466E4B1B681846FEF7FDFD02464A
:101830000B466D4909680591F9690491CDE90223C8
:10184000CDE9004542464B46684803F0BDFE604B7B
:101850001B685D4A126811461846FFF789F903466E
:10186000BB615D4B1B685B4A126811461846FFF767
:101870007FF903467B615A4B1B68584A1268114630
:101880001846FFF775F903463B61B969B869FFF778
:1018900079FA03461C4679697869FFF773FA0346BB
:1018A00019462046FFF766F903461C463969386930
:1018B000FFF768FA034619462046FFF75BF903462F
:1018C000184607F025FBF8604949F868FFF716FC51
:1018D0000346002B05D0474B1B680133454A136074
:1018E00002E0444B00221A60424B1B68022B40F37B
:1018F000D580374B1B681846FEF796FD8046894613
:10190000354B1B681846FEF78FFD04460D46344BD9
:101910001B681846FEF788FD02460B4632490968E7
:101920000591F9690491CDE90223CDE900454246CC
:101930004B46314803F048FEBB6923F00043BB60CF
:101940007B6923F000437B603B6923F000433B60ED
:101950007968B868FFF7D2FB0346002B50D039688E
:10196000B868FFF7CBFB0346002B49D04FF00001CE
:10197000B869FFF7C3FB0346002B0BD01A4B1B685B
:101980000133194A136001224FF400411B4800F053
:10199000FBFE8FE0144B1B680133134A13600122D6
:1019A0004FF48041154800F0EFFE83E0FC02002078
:1019B00008030020000300200C0300200403002083
:1019C00010030020CDCC4C3E3C030020CDCC4C3F3E
:1019D0003003002040030020340300204403002093
:1019E000380300204C0300202C030020DC9000086A
:1019F0006666E63F48030020289100080010014079
:101A0000B9687868FFF77AFB0346002B26D039685F
:101A10007868FFF773FB0346002B1FD04FF00001DF
:101A20007869FFF76BFB0346002B0BD02F4B1B682D
:101A300001332E4A136001224FF400412C4800F07C
:101A4000A3FE37E0294B1B680133284A13600122AB
:101A50004FF48041264800F097FE2BE04FF0000144
:101A60003869FFF74BFB0346002B0BD01F4B1B685D
:101A700001331E4A136001224FF400411C4800F05C
:101A800083FE17E0194B1B680133184A13600122CB
:101A90004FF48041164800F077FE0BE000224FF42F
:101AA0000041134800F070FE00224FF480411048BE
:101AB00000F06AFE0F4B1B680F4A13600F4B1B6848
:101AC0000F4A13600F4B1B680F4A13600F4B1B68C4
:101AD0000F4A13600F4B1B680F4A13600F4B1B68B4
:101AE0000F4A1360322000F0C3FBA7E42C03002050
:101AF00000100140300300203C030020340300208C
:101B0000400300203803002044030020FC02002092
:101B10001403002000030020180300200403002009
:101B20001C03002080B590B000AF07F118032822F5
:101B30000021184603F0B2FE3B1D00221A605A60D5
:101B40009A60DA601A610223BB610123BB62102331
:101B5000FB6200237B6307F11803184601F0DAFFEC
:101B60000346002B01D000F019F90F237B600023FE
:101B7000BB600023FB6000233B6100237B613B1DB6
:101B80000021184602F048FA0346002B01D000F06D
:101B900005F900BF4037BD4680BD000080B500AFED
:101BA000124B134A1A60114B124A5A600F4B002213
:101BB0009A600E4B0022DA600C4B4FF480421A619F
:101BC0000A4B00225A61094B00229A61074B0022FE
:101BD000DA61064B00221A62044800F007FE034651
:101BE000002B01D000F0DAF800BF80BD0802002011
:101BF00000540040A086010080B500AF124B134A8C
:101C00001A60114B124A5A600F4B00229A600E4B19
:101C10000022DA600C4B4FF480421A610A4B00221A
:101C20005A61094B00229A61074B0022DA61064B88
:101C300000221A62044800F0D9FD0346002B01D0AF
:101C400000F0ACF800BF80BD5C02002000580040EE
:101C5000A086010080B500AF114B124A1A60104BEC
:101C60004FF4E1325A600E4B00229A600C4B002276
:101C7000DA600B4B00221A61094B0C225A61084BA7
:101C800000229A61064B0022DA61054802F052FBFD
:101C90000346002B01D000F081F800BF80BD00BFDB
:101CA000B00200200044004080B588B000AF07F1CA
:101CB000100300221A605A609A60DA60334B9B6905
:101CC000324A43F010039361304B9B6903F01003D9
:101CD000FB60FB682D4B9B692C4A43F00403936126
:101CE0002A4B9B6903F00403BB60BB68274B9B69CD
:101CF000264A43F008039361244B9B6903F00803D1
:101D00007B607B6800224FF44041214800F03CFD9D
:101D1000002248F6C3711F4800F036FD002248F249
:101D200018011D4800F030FD4FF440433B61012392
:101D30007B610023BB610223FB6107F1100319469D
:101D4000134800F09DFB48F6C3733B6101237B61A0
:101D50000023BB610223FB6107F1100319460D4804
:101D600000F08EFB48F218033B6101237B610023E6
:101D7000BB610223FB6107F110031946064800F01E
:101D80007FFB00BF2037BD4680BD00BF0010024072
:101D90000010014000080140000C014080B400AF79
:101DA00072B600BF00BFFDE780B485B000AF154B31
:101DB0009B69144A43F001039361124B9B6903F042
:101DC0000103BB60BB680F4BDB690E4A43F08053D5
:101DD000D3610C4BDB6903F080537B607B680A4B5B
:101DE0005B68FB60FB6823F0E063FB60FB6843F02B
:101DF0008063FB60044AFB68536000BF1437BD4634
:101E000080BC7047001002400000014080B58AB0DD
:101E100000AF786007F1180300221A605A609A60D8
:101E2000DA607B681B682B4A934224D12A4B9B695A
:101E3000294A43F008039361274B9B6903F0080389
:101E40007B617B69C023BB611223FB6103237B623F
:101E500007F118031946214800F012FB1E4BDB69FD
:101E60001D4A43F40013D3611B4BDB6903F40013D9
:101E70003B613B6929E07B681B68194A934224D186
:101E8000154B9B69144A43F008039361124B9B69FD
:101E900003F00803FB60FB684FF44063BB6112234F
:101EA000FB6103237B6207F1180319460B4800F01E
:101EB000E7FA094BDB69084A43F48003D361064B18
:101EC000DB6903F48003BB60BB6800BF2837BD46F5
:101ED00080BD00BF0054004000100240000C0140D3
:101EE0000058004080B588B000AF786007F110035B
:101EF00000221A605A609A60DA607B681B681B4A8D
:101F000093422FD11A4BDB69194A43F40033D36152
:101F1000174BDB6903F40033FB60FB68144B9B69D0
:101F2000134A43F004039361114B9B6903F00403CC
:101F3000BB60BB6804233B6102237B610323FB611D
:101F400007F1100319460B4800F09AFA08233B6189
:101F500000237B610023BB6107F11003194605488C
:101F600000F08EFA00BF2037BD4680BD004400401F
:101F7000001002400008014080B400AF00BFFDE740
:101F800080B400AF00BFFDE780B400AF00BFFDE745
:101F900080B400AF00BFFDE780B400AF00BFFDE735
:101FA00080B400AF00BFBD4680BC704780B400AFB6
:101FB00000BFBD4680BC704780B400AF00BFBD46C7
:101FC00080BC704780B500AF00F036F900BF80BD1F
:101FD00080B400AF01231846BD4680BC704780B571
:101FE00082B000AF7860396003F0AAFC0346162285
:101FF0001A604FF0FF3318460837BD4680BD80B5E4
:1020000082B000AF78604FF0FF317868FFF7E7FFEC
:1020100000BFFDE780B586B000AFF860B9607A60B8
:1020200000237B610AE0AFF300800146BB685A1CC5
:10203000BA60CAB21A707B6901337B617A697B68C6
:102040009A42F0DB7B6818461837BD4680BD80B5E4
:1020500086B000AFF860B9607A6000237B6109E068
:10206000BB685A1CBA601B781846FFF797F97B6962
:1020700001337B617A697B689A42F1DB7B681846A1
:102080001837BD4680BD80B483B000AF78604FF094
:10209000FF3318460C37BD4680BC704780B483B010
:1020A00000AF786039603B684FF400525A600023FB
:1020B00018460C37BD4680BC704780B483B000AF73
:1020C0007860012318460C37BD4680BC704780B449
:1020D00085B000AFF860B9607A6000231846143705
:1020E000BD4680BC7047000080B586B000AF786008
:1020F000144A154BD31A7B617B693B61134B1B68F8
:10210000002B02D1114B124A1A60104B1A687B68DF
:1021100013443A699A4207D203F012FC03460C2298
:102120001A604FF0FF3309E0084B1B68FB60074B58
:102130001A687B681344054A1360FB681846183711
:10214000BD4680BD00500020000400005003002068
:10215000A804002080B400AF00BFBD4680BC70471B
:10216000FFF7F8FF0B480C490C4A002302E0D45853
:10217000C4500433C4188C42F9D3094A094C0023D3
:1021800001E013600432A242FBD303F0DFFBFFF750
:1021900017F9704700000020EC010020F4950008BA
:1021A000EC010020A4040020FEE7000080B500AF91
:1021B000084B1B68074A43F010031360032000F02C
:1021C0002BF90F2000F008F8FFF7EEFD002318466A
:1021D00080BD00BF0020024080B582B000AF7860B3
:1021E000124B1A68124B1B7819464FF47A73B3FBE3
:1021F000F1F3B2FBF3F3184600F035F90346002B78
:1022000001D001230EE07B680F2B0AD800227968E9
:102210004FF0FF3000F00BF9064A7B681360002393
:1022200000E0012318460837BD4680BD1800002095
:10223000200000201C00002080B400AF054B1B785C
:102240001A46054B1B681344034A136000BFBD4682
:1022500080BC7047200000205403002080B400AFF1
:10226000024B1B681846BD4680BC704754030020D3
:1022700080B584B000AF7860FFF7F0FFB8607B688E
:10228000FB60FB68B3F1FF3F05D00A4B1B781A4691
:10229000FB681344FB6000BFFFF7E0FF0246BB682A
:1022A000D31AFA689A42F7D800BF00BF1037BD466C
:1022B00080BD00BF2000002080B485B000AF7860F2
:1022C0007B6803F00703FB600C4BDB68BB60BA68FC
:1022D0004FF6FF031340BB60FB681A02BB68134351
:1022E00043F0BF6343F40033BB60044ABB68D36070
:1022F00000BF1437BD4680BC704700BF00ED00E052
:1023000080B400AF044BDB681B0A03F007031846D8
:10231000BD4680BC704700BF00ED00E080B483B0D4
:1023200000AF03463960FB7197F90730002B0ADBD9
:102330003B68DAB20C4997F907301201D2B20B446C
:1023400083F800230AE03B68DAB20849FB7903F01E
:102350000F03043B1201D2B20B441A7600BF0C37B4
:10236000BD4680BC704700BF00E100E000ED00E02A
:1023700080B489B000AFF860B9607A60FB6803F0A0
:102380000703FB61FB69C3F10703042B28BF042388
:10239000BB61FB690433062B02D9FB69033B00E0F8
:1023A00000237B614FF0FF32BB6902FA03F3DA438B
:1023B000BB681A407B699A404FF0FF317B6901FA94
:1023C00003F3D9437B680B40134318462437BD46BB
:1023D00080BC704780B582B000AF78607B68013BFD
:1023E000B3F1807F01D301230FE00A4A7B68013BF0
:1023F00053600F214FF0FF30FFF790FF054B002295
:102400009A60044B07221A60002318460837BD461D
:1024100080BD00BF10E000E080B582B000AF786002
:102420007868FFF749FF00BF0837BD4680BD80B51B
:1024300086B000AF0346B9607A60FB7300237B610E
:10244000FFF75EFF78617A68B9687869FFF790FFF7
:10245000024697F90F3011461846FFF75FFF00BF9D
:102460001837BD4680BD80B582B000AF786078680F
:10247000FFF7B0FF034618460837BD4680BD000091
:1024800080B48BB000AF7860396000237B6200239A
:102490003B6269E101227B6A02FA03F3FB613B685C
:1024A0001B68FA691340BB61BA69FB699A4240F044
:1024B00058813B685B689A4A93425ED0984A93423F
:1024C00075D8984A934258D0964A93426FD8964A04
:1024D000934252D0944A934269D8944A93424CD042
:1024E000924A934263D8924A934246D0904A93428A
:1024F0005DD8122B2AD8122B59D801A252F823F0FA
:102500007B2500085525000867250008A925000837
:10251000AF250008AF250008AF250008AF2500084B
:10252000AF250008AF250008AF250008AF2500083B
:10253000AF250008AF250008AF250008AF2500082B
:10254000AF2500085D25000871250008794A9342EF
:1025500013D02CE03B68DB683B6229E03B68DB681A
:1025600004333B6224E03B68DB6808333B621FE0D6
:102570003B68DB680C333B621AE03B689B68002BCE
:1025800002D104233B6213E03B689B68012B05D119
:1025900008233B627B68FA691A6109E008233B6201
:1025A0007B68FA695A6103E000233B6200E000BFE8
:1025B000BB69FF2B01D87B6801E07B6804337B613A
:1025C000BB69FF2B02D87B6A9B0002E07B6A083B59
:1025D0009B003B617B691A680F213B6901FA03F399
:1025E000DB431A40396A3B6901FA03F31A437B69FA
:1025F0001A603B685B6803F08053002B00F0B180E9
:102600004D4B9B694C4A43F0010393614A4B9B69D4
:1026100003F00103BB60BB68484A7B6A9B08023336
:1026200052F82330FB607B6A03F003039B000F2208
:1026300002FA03F3DB43FA681340FB607B68404A0D
:10264000934213D07B683F4A93420DD07B683E4A49
:10265000934207D07B683D4A934201D1032306E0B1
:10266000042304E0022302E0012300E000237A6A4D
:1026700002F0030292009340FA681343FB602F4973
:102680007B6A9B080233FA6841F823203B685B6849
:1026900003F48013002B06D02D4B9A682C49BB699C
:1026A00013438B6006E02A4B9A68BB69DB432849D9
:1026B00013408B603B685B6803F40013002B06D06B
:1026C000234BDA682249BB691343CB6006E0204BF9
:1026D000DA68BB69DB431E491340CB603B685B682B
:1026E00003F40033002B06D0194B5A681849BB6914
:1026F00013434B6006E0164B5A68BB69DB43144931
:1027000013404B603B685B6803F48033002B21D09F
:102710000F4B1A680E49BB6913430B6021E000BFE1
:1027200000003210000031100000221000002110C3
:1027300000001210000011100010024000000140C3
:1027400000080140000C014000100140001401404D
:10275000000401400B4B1A68BB69DB430949134075
:102760000B607B6A01337B623B681A687B6A22FAE2
:1027700003F3002B7FF48EAE00BF00BF2C37BD46A5
:1027800080BC70470004014080B483B000AF786023
:102790000B467B8013467B707B78002B03D07A88B6
:1027A0007B681A6103E07B881A047B681A6100BFAA
:1027B0000C37BD4680BC704780B485B000AF7860F0
:1027C0000B467B807B68DB68FB607A88FB68134084
:1027D0001A04FB68D9437B880B401A437B681A6153
:1027E00000BF1437BD4680BC7047000080B584B080
:1027F00000AF78607B68002B01D101232BE17B685F
:1028000093F83D30DBB2002B06D17B68002283F8C1
:102810003C207868FFF7FAFA7B68242283F83D2091
:102820007B681B681A687B681B6822F001021A60CB
:102830007B681B681A687B681B6842F400421A6058
:102840007B681B681A687B681B6822F400421A6068
:1028500001F02AFDF8607B685B68814A934207D8E3
:10286000FB68804A934294BF01230023DBB206E059
:10287000FB687D4A934294BF01230023DBB2002B07
:1028800001D00123E7E0FB68784AA2FB03239B0CFD
:10289000BB607B681B685B6823F03F017B681B683B
:1028A000BA680A435A607B681B681B6A23F03F01C1
:1028B0007B685B686A4A934202D8BB68013309E0CF
:1028C000BB684FF4967202FB03F3694AA2FB032331
:1028D0009B0901337A6812680B4313627B681B689B
:1028E000DB6923F44F4222F0FF027B685B685C499E
:1028F0008B4219D8FB68591E7B685B685B00B1FB93
:10290000F3F3591C40F6FC730B40002B0AD0FB6814
:10291000591E7B685B685B00B1FBF3F30133C3F3C3
:102920000B0351E004234FE07B689B68002B11D11F
:10293000FB68581E7B6859680B465B000B44B0FB74
:10294000F3F30133C3F30B03002B0CBF012300236C
:10295000DBB212E0FB68581E7B6859680B469B008F
:102960000B4499000B44B0FBF3F30133C3F30B03A7
:10297000002B0CBF01230023DBB2002B01D001236D
:1029800022E07B689B68002B0ED1FB68581E7B6899
:1029900059680B465B000B44B0FBF3F30133C3F300
:1029A0000B0343F400430FE0FB68581E7B68596833
:1029B0000B469B000B4499000B44B0FBF3F301332F
:1029C000C3F30B0343F44043796809681343CB61B5
:1029D0007B681B681B6823F0C0017B68DA697B6831
:1029E0001B6A1A437B681B680A431A607B681B6872
:1029F0009B6823F4034323F0FF037A6811697A6824
:102A0000D26811437A6812680B4393607B681B6835
:102A1000DB6823F0FF017B685A697B689B691A4376
:102A20007B681B680A43DA607B681B681A687B68EE
:102A30001B6842F001021A607B6800221A647B68FE
:102A4000202283F83D207B6800221A637B680022E5
:102A500083F83E20002318461037BD4680BD00BFD6
:102A6000A08601007F841E00FF083D0083DE1B431B
:102A7000D34D621080B588B002AFF86008461146A9
:102A80001A4603467B810B463B811346FB80FFF7CA
:102A9000E5FB7861FB6893F83D30DBB2202B40F01A
:102AA000D9807B690093192301226D49F86800F0F1
:102AB000FBFD0346002B01D00223CCE0FB6893F81A
:102AC0003C30012B01D10223C5E0FB68012283F8D1
:102AD0003C20FB681B681B6803F00103012B07D037
:102AE000FB681B681A68FB681B6842F001021A60E9
:102AF000FB681B681A68FB681B6822F400621A6096
:102B0000FB68212283F83D20FB68402283F83E20A9
:102B1000FB6800221A64FB683A6A5A62FB68BA8C46
:102B20005A85FB685B8D9AB2FB681A85FB684D4A33
:102B3000DA62F8883A8979897B690193BB6A0093E4
:102B40000346F86800F032FC0346002B52D0012304
:102B500081E07A69B96AF86800F0C0FE0346002B8C
:102B60000DD0FB681B6C042B07D1FB681B681A682F
:102B7000FB681B6842F400721A6001236BE0FB687B
:102B80005B6A1A78FB681B681A61FB685B6A5A1CEF
:102B9000FB685A62FB681B8D013B9AB2FB681A8581
:102BA000FB685B8D9BB2013B9AB2FB685A85FB6860
:102BB0001B685B6903F00403042B1BD1FB681B8DAE
:102BC000002B17D0FB685B6A1A78FB681B681A61D8
:102BD000FB685B6A5A1CFB685A62FB681B8D013BF1
:102BE0009AB2FB681A85FB685B8D9BB2013B9AB277
:102BF000FB685A85FB681B8D002BAAD17A69B96ADC
:102C0000F86800F0B3FE0346002B0DD0FB681B6C88
:102C1000042B07D1FB681B681A68FB681B6842F429
:102C200000721A60012316E0FB681B681A68FB68D3
:102C30001B6842F400721A60FB68202283F83D2072
:102C4000FB68002283F83E20FB68002283F83C20CA
:102C5000002300E0022318461837BD4680BD00BFA0
:102C6000020010000000FFFF80B58CB002AFF860DA
:102C7000084611461A4603467B810B463B811346A4
:102C8000FB8000233B62FFF7E9FA7862FB6893F868
:102C90003D30DBB2202B40F050827B6A0093192339
:102CA00001228249F86800F0FFFC0346002B01D0A6
:102CB000022343E2FB6893F83C30012B01D102234D
:102CC0003CE2FB68012283F83C20FB681B681B6820
:102CD00003F00103012B07D0FB681B681A68FB682F
:102CE0001B6842F001021A60FB681B681A68FB68E7
:102CF0001B6822F400621A60FB68222283F83D20E0
:102D0000FB68402283F83E20FB6800221A64FB68BF
:102D10003A6B5A62FB68BA8E5A85FB685B8D9AB231
:102D2000FB681A85FB68624ADA62F8883A89798911
:102D30007B6A0193BB6B00930346F86800F0CCFB01
:102D40000346002B01D00123F8E1FB681B8D002B0B
:102D500013D10023FB61FB681B685B69FB61FB68A7
:102D60001B689B69FB61FB69FB681B681A68FB6851
:102D70001B6842F400721A60CCE1FB681B8D012BCA
:102D80001ED1FB681B681A68FB681B6822F480620E
:102D90001A6072B600BF0023BB61FB681B685B69E9
:102DA000BB61FB681B689B69BB61BB69FB681B68F7
:102DB0001A68FB681B6842F400721A6062B635E05C
:102DC000FB681B8D022B1ED1FB681B681A68FB6811
:102DD0001B6842F400621A6072B600BF00237B6178
:102DE000FB681B685B697B61FB681B689B697B6197
:102DF0007B69FB681B681A68FB681B6822F48062A9
:102E00001A6062B612E0FB681B681A68FB681B68F0
:102E100042F480621A6000233B61FB681B685B69B7
:102E20003B61FB681B689B693B613B6972E1FB6826
:102E30001B8D032B00F21F81FB681B8D012B23D1FF
:102E40007A6AB96BF86800F0D9FD0346002B01D00F
:102E5000012373E1FB681B681A69FB685B6AD2B2E5
:102E60001A70FB685B6A5A1CFB685A62FB681B8D10
:102E7000013B9AB2FB681A85FB685B8D9BB2013BF4
:102E80009AB2FB685A8545E1FB681B8D022B52D133
:102E90007B6A0093BB6B00220649F86800F004FCD3
:102EA0000346002B08D0012348E100BF02001000B8
:102EB0000000FFFF0400010072B600BFFB681B6842
:102EC0001A68FB681B6842F400721A60FB681B6892
:102ED0001A69FB685B6AD2B21A70FB685B6A5A1C9B
:102EE000FB685A62FB681B8D013B9AB2FB681A852E
:102EF000FB685B8D9BB2013B9AB2FB685A8562B658
:102F000000BFFB681B681A69FB685B6AD2B21A7063
:102F1000FB685B6A5A1CFB685A62FB681B8D013BAD
:102F20009AB2FB681A85FB685B8D9BB2013B9AB233
:102F3000FB685A85EEE07B6A0093BB6B00228149F7
:102F4000F86800F0B1FB0346002B01D00123F5E047
:102F5000FB681B681A68FB681B6822F480621A60B1
:102F600072B600BFFB681B681A69FB685B6AD2B265
:102F70001A70FB685B6A5A1CFB685A62FB681B8DFF
:102F8000013B9AB2FB681A85FB685B8D9BB2013BE3
:102F90009AB2FB685A856C4B1B68DB086B4AA2FB34
:102FA00003231A0A13469B001344DA00D31A3B6228
:102FB0003B6A013B3B623B6A002B18D1FB68002255
:102FC0001A63FB68202283F83D20FB68002283F807
:102FD0003E20FB681B6C43F02002FB681A6462B65B
:102FE00000BFFB68002283F83C200123A6E0FB68B9
:102FF0001B685B6903F00403042BD9D1FB681B68D1
:103000001A68FB681B6842F400721A60FB681B6850
:103010001A69FB685B6AD2B21A70FB685B6A5A1C59
:10302000FB685A62FB681B8D013B9AB2FB681A85EC
:10303000FB685B8D9BB2013B9AB2FB685A8562B616
:1030400000BFFB681B681A69FB685B6AD2B21A7022
:10305000FB685B6A5A1CFB685A62FB681B8D013B6C
:103060009AB2FB681A85FB685B8D9BB2013B9AB2F2
:10307000FB685A854EE07A6AB96BF86800F0BEFCCE
:103080000346002B01D0012358E0FB681B681A6936
:10309000FB685B6AD2B21A70FB685B6A5A1CFB68F9
:1030A0005A62FB681B8D013B9AB2FB681A85FB686C
:1030B0005B8D9BB2013B9AB2FB685A85FB681B682B
:1030C0005B6903F00403042B24D1FB681B8D032BE5
:1030D00007D1FB681B681A68FB681B6822F48062D2
:1030E0001A60FB681B681A69FB685B6AD2B21A70C7
:1030F000FB685B6A5A1CFB685A62FB681B8D013BCC
:103100009AB2FB681A85FB685B8D9BB2013B9AB251
:10311000FB685A85FB681B8D002B7FF488AEFB682B
:10312000202283F83D20FB68002283F83E20FB68C4
:10313000002283F83C20002300E0022318462837B1
:10314000BD4680BD040001001800002089B5F814B8
:1031500080B58AB002AFF8607A603B600B467B8135
:10316000FFF77CF8F8610023BB61FB6893F83D3002
:10317000DBB2202B40F01181FB690093192301225F
:103180008849F86800F090FA0346002B01D002232A
:1031900004E1FB6893F83C30012B01D10223FDE0F0
:1031A000FB68012283F83C20FB681B681B6803F066
:1031B0000103012B07D0FB681B681A68FB681B68BA
:1031C00042F001021A60FB681B681A68FB681B6802
:1031D00022F400621A60FB68242283F83D20FB6819
:1031E00000221A64FB68704ADA62FB681B681A687E
:1031F000FB681B6842F480721A60FB6900933B68AD
:1032000000224FF00111F86800F04EFA0346002B3F
:103210000DD0FB681B681B6803F48073B3F5807FD7
:1032200003D1FB684FF400721A640323B6E07B8974
:10323000DBB21A46FB681B6802F0FE021A61FFF758
:103240000DF8F861FB681B685B6903F00203022B51
:103250000CBF01230023DBB2FB75FB681B685B69B5
:1032600003F48063B3F5806F0CBF01230023DBB24E
:10327000BB7525E0FEF7F2FF0246FB69D31A3A68F8
:103280009A4202D33B68002B03D1FB68A02283F84B
:103290003D20FB681B685B6903F00203022B0CBF37
:1032A00001230023DBB2FB75FB681B685B6903F439
:1032B0008063B3F5806F0CBF01230023DBB2BB75C5
:1032C000FB6893F83D30DBB2A02B05D0FB7D002BD3
:1032D00002D1BB7D002BCDD0FB68202283F83D209E
:1032E000FB681B685B6903F00203022B29D1FB68B2
:1032F0001B681A68FB681B6842F400721A6000239E
:103300003B61FB681B685B693B61FB681B689B69F1
:103310003B613B69FB690093192301222149F8684D
:1033200000F0C2F90346002B01D0012336E0FB6810
:10333000202283F83D20FB68002283F83C200023F4
:103340002CE0FB681B681A68FB681B6842F400727B
:103350001A60FB681B686FF480625A61FB69009316
:10336000192301220F49F86800F09EF90346002B4B
:1033700001D0012312E0BB690133BB61BA697B68EC
:103380009A42FFF432AFFB68202283F83D20FB68AD
:10339000002283F83C20012300E002231846203756
:1033A000BD4680BD020010000000FFFF80B588B060
:1033B00002AFF860084611461A4603467B810B4669
:1033C0003B811346FB80FB681B681A68FB681B681F
:1033D00042F480721A607B6A00933B6A00224FF0CD
:1033E0000111F86800F060F90346002B0DD0FB686E
:1033F0001B681B6803F48073B3F5807F03D1FB68FF
:103400004FF400721A6403235FE07B89DBB21A4633
:10341000FB681B6802F0FE021A617B6A3A6A2D495A
:10342000F86800F0BBF90346002B01D001234CE003
:1034300000237B61FB681B685B697B61FB681B6821
:103440009B697B617B697A6A396AF86800F046FAA1
:103450000346002B0DD0FB681B6C042B07D1FB68C7
:103460001B681A68FB681B6842F400721A6001232B
:103470002BE0FB88012B05D13B89DAB2FB681B6886
:103480001A6121E03B891B0A9BB2DAB2FB681B6818
:103490001A617A6A396AF86800F020FA0346002B4C
:1034A0000DD0FB681B6C042B07D1FB681B681A68E6
:1034B000FB681B6842F400721A60012305E03B8937
:1034C000DAB2FB681B681A61002318461837BD463C
:1034D00080BD00BF0200010080B588B002AFF86077
:1034E000084611461A4603467B810B463B8113462C
:1034F000FB80FB681B681A68FB681B6842F48062EB
:103500001A60FB681B681A68FB681B6842F48072CB
:103510001A607B6A00933B6A00224FF00111F86841
:1035200000F0C2F80346002B0DD0FB681B681B6837
:1035300003F48073B3F5807F03D1FB684FF400720E
:103540001A640323AAE07B89DBB21A46FB681B6876
:1035500002F0FE021A617B6A3A6A5249F86800F08A
:103560001DF90346002B01D0012397E000237B6166
:10357000FB681B685B697B61FB681B689B697B61FF
:103580007B697A6A396AF86800F0A8F90346002B6B
:103590000DD0FB681B6C042B07D1FB681B681A68F5
:1035A000FB681B6842F400721A60012376E0FB8816
:1035B000012B05D13B89DAB2FB681B681A6121E057
:1035C0003B891B0A9BB2DAB2FB681B681A617A6AF4
:1035D000396AF86800F082F90346002B0DD0FB68C9
:1035E0001B6C042B07D1FB681B681A68FB681B68FF
:1035F00042F400721A60012350E03B89DAB2FB68A2
:103600001B681A617A6A396AF86800F067F903463C
:10361000002B0DD0FB681B6C042B07D1FB681B68CB
:103620001A68FB681B6842F400721A60012335E0D7
:10363000FB681B681A68FB681B6842F480721A609A
:103640007B6A00933B6A00224FF00111F86800F09A
:103650002BF80346002B0DD0FB681B681B6803F496
:103660008073B3F5807F03D1FB684FF400721A6456
:10367000032313E07B89DBB243F00103DAB2FB687A
:103680001B681A617B6A3A6A0649F86800F086F896
:103690000346002B01D0012300E000231846183711
:1036A000BD4680BD0200010080B584B000AFF86067
:1036B000B9603B601346FB7148E03B68B3F1FF3FE4
:1036C00044D0FEF7CBFD0246BB69D31A3A689A4252
:1036D00002D33B68002B39D1BB681B0CDBB2012B3A
:1036E0000DD1FB681B685B69DA43BB6813409BB272
:1036F000002B0CBF01230023DBB21A460CE0FB6851
:103700001B689B69DA43BB6813409BB2002B0CBF5C
:1037100001230023DBB21A46FB799A4216D1FB68DB
:1037200000221A63FB68202283F83D20FB680022F8
:1037300083F83E20FB681B6C43F02002FB681A6490
:10374000FB68002283F83C20012323E0BB681B0CAC
:10375000DBB2012B0DD1FB681B685B69DA43BB68E8
:1037600013409BB2002B0CBF01230023DBB21A468F
:103770000CE0FB681B689B69DA43BB6813409BB293
:10378000002B0CBF01230023DBB21A46FB799A42BF
:1037900093D0002318461037BD4680BD80B584B055
:1037A00000AFF860B9607A603B6071E0FB681B684D
:1037B0005B6903F48063B3F5806F23D1FB681B68FA
:1037C0001A68FB681B6842F400721A60FB681B6889
:1037D0006FF480625A61FB6800221A63FB68202242
:1037E00083F83D20FB68002283F83E20FB681B6CB9
:1037F00043F00402FB681A64FB68002283F83C2053
:10380000012367E07B68B3F1FF3F41D0FEF726FD5F
:1038100002463B68D31A7A689A4202D37B68002B2F
:1038200036D1BB681B0CDBB2012B0CD1FB681B68CB
:103830005B69DA43BB6813409BB2002B14BF0123C2
:103840000023DBB20BE0FB681B689B69DA43BB68B3
:1038500013409BB2002B14BF01230023DBB2002BCB
:1038600016D0FB6800221A63FB68202283F83D20F3
:10387000FB68002283F83E20FB681B6C43F02002AB
:10388000FB681A64FB68002283F83C20012321E0D6
:10389000BB681B0CDBB2012B0CD1FB681B685B699E
:1038A000DA43BB6813409BB2002B14BF01230023F3
:1038B000DBB20BE0FB681B689B69DA43BB68134013
:1038C0009BB2002B14BF01230023DBB2002B7FF43B
:1038D0006DAF002318461037BD4680BD80B584B05B
:1038E00000AFF860B9607A6034E0F86800F0E3F89F
:1038F0000346002B01D0012334E0BB68B3F1FF3F46
:1039000028D0FEF7ABFC02467B68D31ABA689A420D
:1039100002D3BB68002B1DD1FB681B685B6903F0F9
:103920008003802B16D0FB6800221A63FB682022DC
:1039300083F83D20FB68002283F83E20FB681B6C67
:1039400043F02002FB681A64FB68002283F83C20E5
:10395000012307E0FB681B685B6903F08003802B91
:10396000C3D1002318461037BD4680BD80B584B052
:1039700000AFF860B9607A6034E0F86800F09BF856
:103980000346002B01D0012334E0BB68B3F1FF3FB5
:1039900028D0FEF763FC02467B68D31ABA689A42C5
:1039A00002D3BB68002B1DD1FB681B685B6903F069
:1039B0000403042B16D0FB6800221A63FB68202244
:1039C00083F83D20FB68002283F83E20FB681B6CD7
:1039D00043F02002FB681A64FB68002283F83C2055
:1039E000012307E0FB681B685B6903F00403042BF9
:1039F000C3D1002318461037BD4680BD80B584B0C2
:103A000000AFF860B9607A6049E0FB681B685B69E9
:103A100003F01003102B19D1FB681B686FF0100224
:103A20005A61FB6800221A63FB68202283F83D205C
:103A3000FB68002283F83E20FB681A6CFB681A645E
:103A4000FB68002283F83C20012330E0FEF706FCEF
:103A500002467B68D31ABA689A4202D3BB68002B2D
:103A60001DD1FB681B685B6903F04003402B16D037
:103A7000FB6800221A63FB68202283F83D20FB6864
:103A8000002283F83E20FB681B6C43F02002FB6899
:103A90001A64FB68002283F83C20012307E0FB68DE
:103AA0001B685B6903F04003402BAED1002318462E
:103AB0001037BD4680BD80B483B000AF78607B68AE
:103AC0001B685B6903F48063B3F5806F1BD17B686F
:103AD0001B686FF480625A617B6800221A637B68FE
:103AE000202283F83D207B68002283F83E207B68FB
:103AF0001B6C43F004027B681A647B68002283F825
:103B00003C20012300E0002318460C37BD4680BC52
:103B10007047000080B586B000AF78607B68002BEE
:103B200001D1012372E27B681B6803F00103002BC3
:103B300000F08780924B5B6803F00C03042B0CD0E1
:103B40008F4B5B6803F00C03082B12D18C4B5B6826
:103B500003F48033B3F5803F0BD1894B1B6803F42A
:103B60000033002B6CD07B685B68002B68D101238D
:103B70004CE27B685B68B3F5803F06D1804B1B68E5
:103B80007F4A43F4803313602EE07B685B68002B30
:103B90000CD17B4B1B687A4A23F480331360784B3B
:103BA0001B68774A23F4802313601DE07B685B6801
:103BB000B3F5A02F0CD1724B1B68714A43F48023DC
:103BC00013606F4B1B686E4A43F4803313600BE045
:103BD0006B4B1B686A4A23F480331360684B1B6885
:103BE000674A23F4802313607B685B68002B13D043
:103BF000FEF734FB386108E0FEF730FB02463B6914
:103C0000D31A642B01D9032300E25D4B1B6803F434
:103C10000033002BF0D014E0FEF720FB386108E001
:103C2000FEF71CFB02463B69D31A642B01D9032320
:103C3000ECE1534B1B6803F40033002BF0D100E0A0
:103C400000BF7B681B6803F00203002B63D04C4B62
:103C50005B6803F00C03002B0BD0494B5B6803F04F
:103C60000C03082B1CD1464B5B6803F48033002BFC
:103C700016D1434B1B6803F00203002B05D07B6871
:103C80001B69012B01D00123C0E13D4B1B6823F0D0
:103C9000F8027B685B69DB00394913430B603AE04B
:103CA0007B681B69002B20D0364B01221A60FEF77F
:103CB000D5FA386108E0FEF7D1FA02463B69D31A1B
:103CC000022B01D90323A1E12D4B1B6803F0020352
:103CD000002BF0D02A4B1B6823F0F8027B685B694D
:103CE000DB00274913430B6015E0264B00221A60C6
:103CF000FEF7B4FA386108E0FEF7B0FA02463B6915
:103D0000D31A022B01D9032380E11D4B1B6803F05A
:103D10000203002BF0D17B681B6803F00803002B23
:103D20003AD07B689B69002B19D0174B01221A608F
:103D3000FEF794FA386108E0FEF790FA02463B6914
:103D4000D31A022B01D9032360E10D4B5B6A03F008
:103D50000203002BF0D0012000F0CEFA1CE00A4B49
:103D600000221A60FEF77AFA38610FE0FEF776FA61
:103D700002463B69D31A022B08D9032346E100BF50
:103D8000001002400000424280044242924B5B6AB3
:103D900003F00203002BE9D17B681B6803F00403E6
:103DA000002B00F0A6800023FB758B4BDB6903F032
:103DB0008053002B0DD1884BDB69874A43F0805339
:103DC000D361854BDB6903F08053BB60BB68012383
:103DD000FB75824B1B6803F48073002B18D17F4B5B
:103DE0001B687E4A43F480731360FEF737FA38612C
:103DF00008E0FEF733FA02463B69D31A642B01D977
:103E0000032303E1754B1B6803F48073002BF0D090
:103E10007B68DB68012B06D16F4B1B6A6E4A43F04F
:103E2000010313622DE07B68DB68002B0CD16A4B29
:103E30001B6A694A23F001031362674B1B6A664AD7
:103E400023F0040313621CE07B68DB68052B0CD1B4
:103E5000614B1B6A604A43F0040313625E4B1B6AAA
:103E60005D4A43F0010313620BE05B4B1B6A5A4A45
:103E700023F001031362584B1B6A574A23F00403D3
:103E800013627B68DB68002B15D0FEF7E7F9386119
:103E90000AE0FEF7E3F902463B69D31A41F28832A1
:103EA000934201D90323B1E04B4B1B6A03F0020399
:103EB000002BEED014E0FEF7D1F938610AE0FEF7EE
:103EC000CDF902463B69D31A41F28832934201D9B7
:103ED00003239BE0404B1B6A03F00203002BEED14F
:103EE000FB7D012B05D13C4BDB693B4A23F0805322
:103EF000D3617B68DB69002B00F08780364B5B6801
:103F000003F00C03082B61D07B68DB69022B46D1E0
:103F1000334B00221A60FEF7A1F9386108E0FEF782
:103F20009DF902463B69D31A022B01D903236DE0A8
:103F3000294B1B6803F00073002BF0D17B681B6AD0
:103F4000B3F5803F08D1244B5B6823F400327B68D3
:103F50009B68214913434B601F4B5B6823F4741229
:103F60007B68196A7B685B6A0B431B4913434B6090
:103F70001B4B01221A60FEF771F9386108E0FEF769
:103F80006DF902463B69D31A022B01D903233DE0A8
:103F9000114B1B6803F00073002BF0D035E0104B81
:103FA00000221A60FEF75AF9386108E0FEF756F968
:103FB00002463B69D31A022B01D9032326E0064BA4
:103FC0001B6803F00073002BF0D11EE07B68DB69F7
:103FD000012B07D1012319E00010024000700040BE
:103FE000600042420B4B5B68FB60FB6803F480326D
:103FF0007B681B6A9A4206D1FB6803F470127B68E7
:104000005B6A9A4201D0012300E00023184618376A
:10401000BD4680BD0010024080B584B000AF78601E
:1040200039607B68002B01D10123D0E06A4B1B680B
:1040300003F007033A689A4210D9674B1B6823F0D4
:10404000070265493B6813430B60634B1B6803F031
:1040500007033A689A4201D00123B8E07B681B68E5
:1040600003F00203002B20D07B681B6803F00403DD
:10407000002B05D0594B5B68584A43F4E06353600A
:104080007B681B6803F00803002B05D0534B5B686B
:10409000524A43F460535360504B5B6823F0F00284
:1040A0007B689B684D4913434B607B681B6803F03A
:1040B0000103002B40D07B685B68012B07D1474B85
:1040C0001B6803F40033002B15D101237FE07B68CC
:1040D0005B68022B07D1414B1B6803F00073002B78
:1040E00009D1012373E03D4B1B6803F00203002B51
:1040F00001D101236BE0394B5B6823F003027B683D
:104100005B68364913434B60FEF7A8F8F8600AE095
:10411000FEF7A4F80246FB68D31A41F288329342B4
:1041200001D9032353E02D4B5B6803F00C027B683D
:104130005B689B009A42EBD1274B1B6803F0070397
:104140003A689A4210D2244B1B6823F00702224996
:104150003B6813430B60204B1B6803F007033A686E
:104160009A4201D0012332E07B681B6803F004030C
:10417000002B08D0194B5B6823F4E0627B68DB6896
:10418000164913434B607B681B6803F00803002B40
:1041900009D0124B5B6823F460527B681B69DB001B
:1041A0000E4913434B6000F021F802460B4B5B684D
:1041B0001B0903F00F030A49CB5C22FA03F3094AF7
:1041C0001360094B1B681846FEF706F800231846D3
:1041D0001037BD4680BD00BF0020024000100240E5
:1041E00088910008180000201C00002080B487B0CF
:1041F00000AF0023FB600023BB6000237B61002332
:104200007B6000233B611E4B5B68FB60FB6803F037
:104210000C03042B02D0082B03D027E0194B3B6181
:1042200027E0FB689B0C03F00F03174AD35C7B600D
:10423000FB6803F48033002B10D0114B5B685B0CE0
:1042400003F00103114AD35CBB607B680D4A03FB9A
:1042500002F2BB68B2FBF3F37B6104E07B680C4ABB
:1042600002FB03F37B617B693B6102E0054B3B6131
:1042700000BF3B6918461C37BD4680BC704700BF75
:104280000010024000127A00A0910008B0910008CE
:1042900000093D0080B400AF024B1B681846BD46C4
:1042A00080BC70471800002080B500AFFFF7F2FF18
:1042B0000246054B5B681B0A03F007030349CB5C0E
:1042C00022FA03F3184680BD0010024098910008BE
:1042D00080B500AFFFF7DEFF0246054B5B68DB0AE7
:1042E00003F007030349CB5C22FA03F3184680BDB1
:1042F000001002409891000880B485B000AF78604B
:104300000A4B1B680A4AA2FB03235B0A7A6802FB7A
:1043100003F3FB6000BFFB685A1EFA60002BF9D163
:1043200000BF00BF1437BD4680BC70471800002096
:10433000D34D621080B582B000AF78607B68002BEF
:1043400001D1012342E07B6893F84130DBB2002BBE
:1043500006D17B68002283F840207868FDF7C2FD13
:104360007B68242283F841207B681B68DA687B68BD
:104370001B6822F40052DA60786800F071F97B68FB
:104380001B681A697B681B6822F490421A617B687B
:104390001B685A697B681B6822F02A025A617B6895
:1043A0001B68DA687B681B6842F40052DA607B683D
:1043B00000225A647B68202283F841207B682022F7
:1043C00083F842207B6800225A630023184608378E
:1043D000BD4680BD80B58AB002AFF860B9603B6071
:1043E0001346FB8000237B61FB6893F84130DBB20E
:1043F000202B75D1BB68002B02D0FB88002B01D18C
:1044000001236EE0FB6800225A64FB68212283F8D6
:104410004120FDF723FF7861FB68FA889A84FB68E6
:10442000FA88DA84FB689B68B3F5805F08D1FB6883
:104430001B69002B04D10023FB61BB68BB6103E057
:10444000BB68FB610023BB612EE03B6800937B6986
:1044500000228021F86800F048F80346002B05D0C0
:10446000FB68202283F8412003233AE0FB69002BFC
:104470000BD1BB691B881A46FB681B68C2F3080294
:104480005A60BB690233BB6107E0FB691A78FB68BD
:104490001B685A60FB690133FB61FB68DB8C9BB2D4
:1044A000013B9AB2FB68DA84FB68DB8C9BB2002B81
:1044B000CBD13B6800937B6900224021F86800F073
:1044C00014F80346002B05D0FB68202283F8412016
:1044D000032306E0FB68202283F84120002300E04C
:1044E000022318462037BD4680BD80B586B000AF98
:1044F000F860B9603B601346FB713BE03B6AB3F187
:10450000FF3F37D0FDF7AAFE02463B68D31A3A6A4E
:104510009A4202D33B6A002B01D103233AE0FB68A5
:104520001B68DB6803F00403002B23D0BB68802BDF
:1045300020D0BB68402B1DD0FB681B681B6803F0B4
:104540000803082B16D100237B61FB681B681B68DE
:104550007B61FB681B685B687B617B69F86800F0C6
:104560001DF8FB6808225A64FB68002283F840208B
:1045700001230FE0FB681B681A68BB681340BA6828
:104580009A420CBF01230023DBB21A46FB799A4200
:10459000B4D0002318461837BD4680BD80B495B00E
:1045A00000AF78607B681B680C337B637B6B53E8E0
:1045B000003F3B633B6B23F49073FB647B681B6899
:1045C0000C33FA6C3A64FB63F96B3A6C41E80023F4
:1045D000BB63BB6B002BE5D17B681B6814333B626C
:1045E0003B6A53E8003FFB61FB6923F00103BB64B6
:1045F0007B681B681433BA6CFA62BB62B96AFA6AE8
:1046000041E800237B627B6A002BE5D17B681B6B52
:10461000012B19D17B681B680C33FB60FB6853E8E6
:10462000003FBB60BB6823F010037B647B681B68A2
:104630000C337A6CBA617B617969BA6941E800230D
:104640003B613B69002BE5D17B68202283F8422047
:104650007B6800221A6300BF5437BD4680BC704798
:1046600080B584B000AF78607B681B681B6923F459
:1046700040517B68DA687B681B680A431A617B6873
:104680009A687B681B691A437B685B691343BB604C
:104690007B681B68DB6823F4B05323F00C037A6853
:1046A0001268B9680B43D3607B681B685B6923F4AD
:1046B00040717B689A697B681B680A435A617B6812
:1046C0001B682C4A934203D1FFF702FEF86002E018
:1046D000FFF7EAFDF860FA6813469B0013449A005E
:1046E0001A447B685B689B00B2FBF3F3224AA2FB8F
:1046F00003235B091901FA6813469B0013449A00CF
:104700001A447B685B689B00B2FBF3F21A4BA3FB75
:1047100002035B09642000FB03F3D31A1B0132334D
:10472000154AA2FB03235B0903F0F0031944FA685E
:1047300013469B0013449A001A447B685B689B00F5
:10474000B2FBF3F20C4BA3FB02035B09642000FBFA
:1047500003F3D31A1B013233074AA2FB03235B097D
:1047600003F00F027B681B680A449A6000BF103791
:10477000BD4680BD003801401F85EB51002B2DE95F
:10478000F0471D46BBBF03F100431D4600232D2308
:1047900088B01446B8BF1446129A109E1370149B2A
:1047A000DDF84CA023F02008B8F1460F05D0B8F191
:1047B000450F00D10136022300E0032307AA04922B
:1047C00006AACDE902A2CDE9003622462B4601F029
:1047D0007FF9B8F1470F074619D1119BDB070ED5BA
:1047E00000EB06090022002320462946FCF7DCF8EE
:1047F00008B1CDF81C903022079B4B451ED338469C
:10480000079B159ADB1B136008B0BDE8F087B8F171
:10481000460F00EB0609E5D10378302B0AD10022C0
:10482000002320462946FCF7BFF818B9C6F1010657
:10483000CAF80060DAF800309944D3E7591C0791B0
:104840001A70D9E7F7B50029B6BF2D232B234942AB
:1048500009290270437029DD0DF107031D460A275F
:10486000B1FBF7F61A4607FB1614303402F8014C78
:104870000C46632C314603F1FF33F1DC3031941EDA
:1048800003F8011C2346411CAB420AD30DF1090376
:104890009B1AAC4288BF002302330344181A03B0AA
:1048A000F0BD13F8016B01F8016FEDE730233031F3
:1048B0008370C170031DF1E72DE9F04F91B00C46F4
:1048C000DDF8688016461F46054600F0EFFF0368D6
:1048D00018460893FBF73CFC00230E93D8F80030F1
:1048E0000990073323F0070303F1080294F818A096
:1048F000D4F800B0C8F80020D3E9008929F00043BB
:104900000B93CDF828804FF0FF32DDE90A01C4E9AE
:1049100012899C4BFCF77AF870BBDDE90A014FF075
:10492000FF32984BFCF754F830BB0022002340467E
:104930004946FCF743F810B12D2384F84330924ADE
:10494000924BBAF1470F8CBF9046984603234FF025
:10495000000923612BF004032360334621462846D7
:1049600000970FAA00F0D4F9013040F090804FF08A
:10497000FF3011B0BDE8F08F42464B4640464946F5
:10498000FCF744F848B14B46002BB8BF2D23804AB2
:10499000B8BF84F843307F4BD3E763680AF0DF0188
:1049A0005A1C3FD10623636000224BF480632360CE
:1049B00006920EAACDE904A20DAA03920DF13302CC
:1049C000CDE9013263684246009328464B460A917E
:1049D000FFF7D4FE0A99804647290D9928D1C81CB3
:1049E00002DB6368994240DDAAF1020A5FFA8AFAA3
:1049F0005246013904F150000D91FFF723FF0E9A42
:104A000081461318012A236102DC2268D20701D5EE
:104A1000013323619DF83330002B9ED02D2384F881
:104A200043309AE74729BFD1002BBDD10123BAE714
:104A3000BAF1650FDCD9BAF1660F18D100296368A5
:104A40000BDD216113B92268D00702D501330B4475
:104A500023614FF00009A165DCE713B92268D20792
:104A600001D50233F4E70123F2E74FF0670A0E9B0A
:104A7000994205DB23682161D807EAD54B1CE7E79B
:104A80000029CCBF0122C1F102021344E0E72368F0
:104A90005A0507D42369424631462846B8470130B3
:104AA0002BD164E7BAF1650F40F2DC80D4E9120142
:104AB00000220023FBF778FF002833D00123314682
:104AC0002846354AB84701303FF451AFDDE90D388B
:104AD000434502DB2368D8070FD5DDE908233146BB
:104AE0002846B84701303FF442AF4FF0000908F1C3
:104AF000FF3804F11A0AC84509DC23689B0700F156
:104B00000281E0680F9B9842B8BF184631E7012345
:104B1000524631462846B84701303FF428AF09F1E4
:104B20000109E8E70D9B002B38DC012331462846BC
:104B3000194AB84701303FF41AAFDDE90D3959EA97
:104B4000030302D12368D907D7D5DDE9082331460D
:104B50002846B84701303FF40AAF4FF0000A04F18D
:104B60001A0B0D9B5B42534501DC4B4693E7012337
:104B70005A4631462846B84701303FF4F8AE0AF1AC
:104B8000010AEEE7FFFFEF7FB6910008B29100083F
:104B9000BE910008BA910008C2910008A36DDDF82B
:104BA00038A05345A8BF5346002B994636DC4FF03A
:104BB000000B29EAE97904F11A02A36D0A93A3EB29
:104BC00009035B4531DC0D9B9A453ADC2368DA0723
:104BD00037D40D9BAAEB03090A9BAAEB0303994563
:104BE000A8BF9946B9F1000F33DC4FF0000829EA5D
:104BF000E97904F11A0B0D9BAAEB0303A3EB09035C
:104C000043457FF77AAF01235A4631462846B847D5
:104C100001303FF4ACAE08F10108ECE74246314602
:104C20002846B8470130C2D1A1E6012331462846C3
:104C30000A92B84701303FF49AAE0A9A0BF1010B81
:104C4000BBE73146DDE908232846B8470130C0D12B
:104C50008DE60A9A4B46314628464244B847013011
:104C6000C3D184E6DDF838A0BAF1010F01DCDB071F
:104C700036D50123424631462846B84701303FF435
:104C800076AEDDE9082331462846B84701303FF4C7
:104C90006EAED4E91201002200230AF1FF3AFBF7BD
:104CA00083FEC0B9534608F1010231462846B84791
:104CB00001300CD15BE601235A4631462846B847FD
:104CC00001303FF454AE08F10108D045F3DB4B4608
:104CD00004F15002E0E64FF0000804F11A0BF4E78B
:104CE00001234246E1E701234A4631462846B847B8
:104CF00001303FF43CAE08F10108E3680F995B1AFC
:104D00004345F0DCFDE64FF0000804F11909F4E733
:104D10002DE9F047164698468A680B690746934284
:104D2000B8BF1346336091F843200C46DDF820905D
:104D30000AB1013333602368990642BF33680233F6
:104D40003360256815F0060506D104F1190AE368F9
:104D500032689B1AAB422BDC94F843302268003B4C
:104D600018BF0123920630D44146384604F143026D
:104D7000C847013023D02368226903F00603042BBF
:104D800014BF002533684FF0000608BFE56804F142
:104D90001A0408BFED1A54F8123C08BF25EAE5755D
:104DA0009342C4BF9B1AED18B5421AD1002008E007
:104DB0000123524641463846C847013003D14FF0DF
:104DC000FF30BDE8F0870135C1E73020E11881F8F8
:104DD00043005A1C94F845102244023382F84310D1
:104DE000C2E70123224641463846C8470130E6D093
:104DF0000136D9E72DE9FF470F7E9146782F80468F
:104E00000C469A460C9E01F1430207D8622F0AD83D
:104E1000002F00F0D180582F00F0B88004F1420636
:104E200084F842703AE0A7F16303152BF6D801A18C
:104E300051F823F08D4E0008A14E00081D4E0008C9
:104E40001D4E00081D4E00081D4E0008A14E000812
:104E50001D4E00081D4E00081D4E00081D4E000886
:104E60009F4F0008CB4E0008594F00081D4E000808
:104E70001D4E0008C14F00081D4E0008CB4E000813
:104E80001D4E00081D4E0008614F000833681A1DB2
:104E90001B68326004F1420684F8423001239CE032
:104EA00033682068191D3160060601D51D6803E0CE
:104EB0004506FBD5B3F90050002D03DA2D236D42D2
:104EC00084F843300A23584811E021683368080603
:104ED00053F8045B02D4490648BFADB26F2F33606C
:104EE00014BF0A2308235048002184F84310666841
:104EF000002EA66005DB21682E4321F0040121600D
:104F00004BD01646B5FBF3F103FB1157C75D06F80E
:104F1000017D2F46BB420D46F4D9082B0BD12368E7
:104F2000DF0708D5236961689942DEBF302306F8A0
:104F3000013C06F1FF36921B22614B46214640465A
:104F4000CDF800A003AAFFF7E3FE01304AD14FF0ED
:104F5000FF3004B0BDE8F087236843F020032360EE
:104F60007827324884F84570236831681F0651F865
:104F7000045B02D45F0648BFADB23160D90744BFBD
:104F800043F0200323601DB11023ADE72648E9E775
:104F9000236823F020032360F6E71646BDE7336855
:104FA0002568181D616930602E061B6801D51960DF
:104FB00002E06806FBD51980002316462361BCE792
:104FC000336800211A1D32601E686268304600F0A6
:104FD000E4FC08B1801B606063682361002384F8EF
:104FE0004330AAE73246494640462369D04701305C
:104FF000ADD023689B0713D4E068039B9842B8BFE9
:105000001846A6E70123324649464046D0470130BC
:105010009DD00135E36803995B1AAB42F2DCEBE704
:10502000002504F11906F5E7C4910008D5910008A0
:105030002DE9F04F87B003938B6891465A1EB2F565
:10504000AE7F82BF6FF4AE7503EB050B40F25D13CC
:105050000A464FF0000588BF8B600B68804643F41A
:10506000F06342F81C3B0C4698BF4FF0000B16460D
:10507000AA462F46CDE9045501920295A2685AB17D
:10508000D9F800301B784E2B62D8402B3AD8A3F1C8
:105090002B01C8B20E2838D91FB1236823F48073BE
:1050A00023600AF1FF3ABAF1010F00F21481019B6B
:1050B0009E4200F20581012007B0BDE8F08FA3F108
:1050C00061020D2AE8D801A151F822F0155200081A
:1050D0009950000899500008995000087152000832
:1050E0004B520008995000089950000823520008BC
:1050F00099500008995000089950000899500008EC
:10510000DF510008A3F14102DBE70E29C4D801A05A
:1051100050F821F0CF51000899500008CF510008F5
:105120005F5200089950000871510008B5510008FD
:10513000B5510008B5510008B5510008B551000837
:10514000B5510008B5510008B5510008B551000827
:105150006E2B09D8602BB2D8542B7BD0592B9BD106
:10516000072D99D108252FE0742B73D0792BF6E702
:105170002168C8051ED521F0800121600137BBF1EF
:10518000000F03D001320BF1FF3BA260A368013B8B
:10519000A360236901332361D9F80430013B002B5C
:1051A000C9F8043040F38380D9F800300133C9F8DE
:1051B000003063E71AEB05017FF46EAF0D468A46B7
:1051C000226822F4C072226006F8013BDEE7226802
:1051D00010067FF561AF22F080022260F4E7BAF199
:1051E000000F0CD177B9226802F4E061B1F5E06FED
:1051F00008D122F4F0624FF0010A2260E4E7BAF12C
:10520000020F51D0012D02D0042D7FF445AF01359E
:10521000EDB2D9E7BAF1010F7FF43EAF4FF0020AC9
:10522000D2E775B9002F7FF438AF226802F4E0614D
:10523000B1F5E06F40F0FF8022F4F06201252260BA
:10524000C2E7032DE3D0052DDFE7022D7FF424AF65
:105250000325B9E7062D7FF41FAF0725B4E72268C1
:1052600091057FF519AF22F4207222600297ABE717
:10527000226802F4A061B1F5806F05D050057FF57A
:105280000BAF002F00F0D780910558BF029922F490
:10529000F06258BF791A42F4C0724FF0000758BF4D
:1052A000CDE9041622608FE74FF0030A8CE74946E8
:1052B0004046D4F88031984700283FF4DFAEEBE653
:1052C000D4F87C314A46404616F8011D98472369B8
:1052D000013B2361EBE66B1E062B24D8022D36D84A
:1052E000019B9E427FF6E7AED4F87C314A464046A9
:1052F00016F8011D98472369013B2361F0E7D4F8B4
:105300007C314A4640461BF8011D98472369013B02
:1053100023610AF1FF3A5FFA8AFABAF1020FEED17D
:10532000033DEDB2761B2368DA0530D55B0511D558
:10533000019B9E427FF6BFAED4F87C314A46404680
:1053400016F8011D98472369013B2361F0E7AA463F
:10535000B346DEE716F8011C2369652903F1FF3324
:1053600006F1FF3523610CD045290AD0D4F87C31F1
:105370004A4640469847236916F8021C013BB51E71
:1053800023614A464046D4F87C3198472E4622682D
:1053900012F0100201D000208EE63270236803F470
:1053A000C063B3F5806F25D1029B9F420AD0DA1B00
:1053B00004F26F139E4228BF04F5B77630461F49AA
:1053C00000F072F900224046019902F0EDFC039BC7
:1053D00025681B6815F0020F06460F4603F104020C
:1053E00015D003990A601B68C3E90067E3680133BD
:1053F000E360D0E7049B002BE4D005990A234046E4
:10540000013102F051FD049B059EC21AD0E76D07E1
:10541000E7D4039D2A601D6802460B46FBF7F6FAA7
:1054200020B1074800F0C8FA2860DFE73046394667
:10543000FBF74AFBF8E7002733E600BFE6910008D8
:1054400027930008002310B50446C0E90033C0E9E3
:105450000433836081814366C281836119460822D7
:105460005C3000F01BFA0D4B246263620C4BA362AC
:105470000C4BE3620C4B23630C4B9C4206D003F1B4
:105480006802944202D0D0339C4205D104F1580006
:10549000BDE8104000F07EBA10BD00BFED56000818
:1054A0000F570008475700086B57000858030020A3
:1054B000024A0349034800F069B800BF24000020F5
:1054C000DD8400083400002041680C4B10B599427F
:1054D000044601D003F002F8A168094B994202D0BA
:1054E000204602F0FBFFE168064B994204D02046BB
:1054F000BDE8104002F0F2BF10BD00BF580300200D
:10550000C00300202804002010B50B4B0B4C0C4AA4
:1055100020461A6004210022FFF794FF04F168007E
:1055200001220921FFF78EFF04F1D0000222BDE81D
:1055300010401221FFF786BF90040020580300207E
:10554000B1540008014800F026BA00BF99040020B9
:10555000014800F021BA00BF9904002010B50446AC
:10556000FFF7F0FF236A1BB1BDE81040FFF7F0BF63
:10557000044B2362044B1B68002BF5D1FFF7C4FFDB
:10558000F2E700BFC9540008900400202DE9F84359
:105590000746884614460026D4E90195B9F1010969
:1055A00005D52468002CF7D13046BDE8F883AB89D7
:1055B000012B07D9B5F90E30013303D029463846FF
:1055C000C04706436835E9E70FB407B5064904ABA1
:1055D000086853F8042B8168019302F0E7FD03B0DB
:1055E0005DF804EB04B0704730000020036A70B52A
:1055F00005460E4684680BB9FFF7B0FF636EDB0704
:1056000005D4A389980502D4A06D00F0C4F9A3893C
:10561000190702D52369002B35D12146284600F011
:10562000E7F880B34FF0FF35636EDA0705D4A3893E
:105630009B0502D4A06D00F0AFF9284670BD002B89
:1056400004DAA2699A4217DC0A2915D023685A1C89
:1056500022601970A36816F8011F013BA36000299E
:10566000EDD1002B11DA22460A21284600F081F8FC
:105670000130D7D00A25D7E72246284600F079F82E
:105680000130E7D1CEE7013EE4E723685A1C2260EF
:105690000A221A70EEE70000024B01461868FFF775
:1056A000A5BF00BF300000200EB46FF0004110B560
:1056B00000249DB01FAB0290069007910491094809
:1056C000094953F8042B0591006802A901931B9422
:1056D00002F048FC029B1C701DB0BDE8104003B0F6
:1056E000704700BF300000200802FFFF10B50C46D5
:1056F000B1F90E1000F000F90028ABBF636DA3896B
:105700001B1823F48053ACBF6365A38110BD2DE942
:10571000F0411F468B890546DB050C46164605D52C
:1057200002230022B1F90E1000F0D4F8A38932460A
:1057300023F48053A38128463B46B4F90E10BDE8FC
:10574000F04100F0EBB810B50C46B1F90E1000F0C6
:10575000C1F8431CA38915BF606523F4805343F44B
:105760008053A38118BFA38110BDB1F90E1000F0C2
:10577000A1B8F8B50E461446054618B1036A0BB930
:10578000FFF7ECFEA369A360A3891A0701D523697B
:1057900043B92146284600F02BF818B14FF0FF37E7
:1057A0003846F8BD23682269F6B2981A636937460D
:1057B000834205DC2146284602F090FE0028EDD108
:1057C000A368013BA36023685A1C22601E706269B3
:1057D000431C9A4204D0A389DB07E1D50A2EDFD10E
:1057E0002146284602F07AFE0028D9D0D6E70000EC
:1057F00038B5294B054618680C4618B1036A0BB931
:10580000FFF7ACFEB4F90C30190722D4DA0607D43E
:1058100009222A6043F040034FF0FF30A38133E0B8
:10582000580712D5616B41B104F14403994202D08B
:10583000284600F021FF00236363A38923F024039B
:10584000A3810023636023692360A38943F00803D5
:10585000A38123694BB9A38903F42073B3F5007FB7
:1058600003D02146284602F086FEB4F90C3013F02E
:1058700001020AD00022A26062695242A26122693A
:1058800042B913F08000C5D138BD990758BF62698D
:10589000A260F4E70020F7E730000020034602444E
:1058A000934200D1704703F8011BF9E700487047A5
:1058B0007001002038B50023054D044608462B60D2
:1058C000FCF7E1FB431C02D12B6803B1236038BD18
:1058D0009404002038B50446084611460022054DC0
:1058E0002A601A46FCF7F3FB431C02D12B6803B174
:1058F000236038BD9404002038B50446084611469C
:105900000022054D2A601A46FCF784FB431C02D195
:105910002B6803B1236038BD9404002038B50446D9
:10592000084611460022054D2A601A46FCF78FFBF7
:10593000431C02D12B6803B1236038BD94040020BE
:10594000014B1868704700BF3000002070B500267A
:105950000C4D0D4C641BA410A64209D103F062FB50
:1059600000260A4D0A4C641BA410A64205D170BD46
:1059700055F8043B98470136EEE755F8043B984745
:105980000136F2E7EC950008EC950008EC9500086C
:10599000F0950008704770477047034610B5C9B2CC
:1059A00002449342184601D1002003E004780133F9
:1059B0008C42F6D110BD0000004870470000C07F47
:1059C0002DE9F74F03690C690746A3427EDB013CD2
:1059D000A30000F1140501F11408009305EB840302
:1059E000019358F8243055F8242001339A42B2FB31
:1059F000F3F608EB84092ED34FF0000AC446AE46F6
:105A0000D3465CF8043B98B206FB00A01B0C020CCA
:105A100006FB0323DEF8002080B292B2121A5A4429
:105A2000DEF800004FEA134A9BB2C3EB224303EBBC
:105A3000104392B242EA0342E1454FEA234B4EF84B
:105A4000042BDED2009BEB582BB9019B043B9D42FB
:105A50001A462FD33C61384601F0C8F9002825DBEF
:105A60002946002058F8042BD1F800C01FFA82FE06
:105A70001FFA8CF3A3EB0E030344120CC2EB234278
:105A800002EB1C429BB243EA0243C1454FEA22406B
:105A900041F8043BE6D255F8242005EB840322B9F3
:105AA000043B9D421A460BD33C610136304603B09D
:105AB000BDE8F08F1268043B002ACBD1013CC6E759
:105AC0001268043B002AEFD1013CEAE70020EEE730
:105AD0002DE9F04F14461D46C76997B08146CDE9C0
:105AE0000645239E7FB9102000F00EFE0246C9F83D
:105AF0001C0020B9EF21AC4BAC4802F0EBFDC0E933
:105B000001770760C760D9F81C30196859B15A6825
:105B1000012393404A608B60484600F0EBFE002270
:105B2000D9F81C301A602B1EAFBF0023012223F0CE
:105B300000430793A8BF3360DDF81C809C4BB8BFBF
:105B4000326033EA080312D142F20F73229A1360D3
:105B5000C8F31303234300F05E85249BDFF854A2AF
:105B6000002B00F060850AF1030300F05ABDDDE967
:105B70000623CDE90C23DDE90C0100220023FAF70E
:105B800013FF074658B10123229A1360249B13B1D7
:105B9000894B249A1360DFF824A200F044BD14ABB3
:105BA000019315AB00934846DDE90C2301F036FA6A
:105BB000C8F30A560390002E78D0DDE90C010D9B46
:105BC000A6F2FF36C3F3130343F07F5343F44013AD
:105BD0001297194600227A4BFAF7C6FA6CA3D3E95A
:105BE0000023FAF779FC6CA3D3E90023FAF7BEFA95
:105BF000044630460D46FAF705FC69A3D3E90023B5
:105C0000FAF76AFC02460B4620462946FAF7AEFA36
:105C100004460D46FAF710FF0022074600232046EF
:105C20002946FAF7CBFE40B13846FAF7EBFB22469D
:105C30002B46FAF7B9FE00B9013F162F54D8DDE91B
:105C40000C01604B03EBC703D3E90023FAF7B6FE60
:105C500000284BD00023013F0F93149B9B1B5A1E1F
:105C600049BFC3F10103002304930023099254BFE9
:105C700004930993002F3BDB099B0E973B44099348
:105C800000230A93209B092B65D8052BC4BF043B36
:105C90002093209BC8BF0024A3F10203D8BF012496
:105CA000032B64D8DFE803F05355382CDDE9146387
:105CB0001E4406F23243202BC1BFC3F1400308FA51
:105CC00003F806F2124324FA03F3D6BFC3F120030C
:105CD00048EA030004FA03F0FAF784FB0122A1F179
:105CE000F873013E129274E70123B5E70F90B4E711
:105CF000049BDB1B04937B420A9300230E93C1E7B2
:105D000001230B93219B07EB030B0BF10103012BE9
:105D10000893B8BF012306E001230B93219B002BBE
:105D200028DD9B46089300210422D9F81C0002F1CB
:105D300014059D4226D94160484600F09BFD8246ED
:105D4000002843D1024640F2AF111F4BD4E6002396
:105D5000E3E70023D5E7012400230B9420934FF0C1
:105D6000FF3B00221223CDF820B02192DBE7012374
:105D70000B93F4E74FF0010B5B46CDF820B0CDF864
:105D800084B0D0E701315200D1E700BFAFF300800B
:105D900061436F63A787D23FB3C8608B288AC63F31
:105DA000FB799F501344D33FF89100080F920008ED
:105DB0000000F07FF4910008C3910008C291000830
:105DC0000000F83FC093000867920008D9F81C3023
:105DD0001860089B0E2B00F2A180002C00F09E8022
:105DE000002F33DD9C4B07F00F0203EBC203F805D5
:105DF000D3E90034CDE910344FEA271416D5DDE994
:105E00000C01964B0326D3E90823FAF78FFCCDE962
:105E1000060104F00F04914D54B9DDE91023DDE9CA
:105E20000601FAF783FCCDE9060128E00226F2E735
:105E3000E10708D5DDE91001D5E90023FAF74CFBAD
:105E4000CDE91001013664100835E5E700F0AF80B8
:105E5000DDE90C017C42804B04F00F0203EBC2032E
:105E6000D3E90023FAF738FB02260023CDE9060127
:105E70007A4D2411002C40F08F80002BD3D1DDE926
:105E800006450F9B002B00F09480002220462946F7
:105E9000734BFAF793FD002800F08B80089B002BD2
:105EA00000F08780BBF1000F34DD20460022294638
:105EB0006C4BFAF711FB5C46CDE9060107F1FF38A0
:105EC00001363046FAF79EFADDE90623FAF704FBBD
:105ED0000022654BFAF74AF90546A1F15076002CED
:105EE0006AD1DDE906010022604BFAF73DF902466E
:105EF0000B46CDE906232A463346FAF77DFD0028F6
:105F000040F09882DDE906012A4606F10043FAF7DF
:105F100055FD38BBDDE90C34CDE90634159B002B6B
:105F2000C0F257810E2F00F354814B4B03EBC70394
:105F3000D3E90034CDE90434219B002B80F2E580C5
:105F4000089B002B00F3E1800CD1DDE90401002265
:105F5000464BFAF7C1FADDE90623FAF743FD0028BC
:105F600000F0668200242546219B56466FEA03080E
:105F700000272146484600F0BDFC002D00F0BD8002
:105F80002FB1AF4203D03946484600F0B3FC294652
:105F9000484600F0AFFCB0E0E20705D5D5E90023A4
:105FA000FAF79AFA012301366410083562E70226EF
:105FB00065E7B846089C84E7274B0B9903EBC403BD
:105FC00053E902235444002954D000202849FAF709
:105FD000ADFB33462A46FAF7C7F85646CDE910011D
:105FE000DDE90601FAF728FD0546FAF70BFA024645
:105FF0000B46DDE90601FAF7B7F802460B463035E5
:10600000CDE90623DDE9102306F8015BFAF7D6FC9B
:10601000002872D1DDE9062300201149FAF7A4F81F
:10602000DDE91023FAF7CAFC002840F0B480A6424C
:106030003FF470AFDDE9100100220A4BFAF74CFA89
:106040000022CDE91001DDE90601064BFAF744FA1A
:10605000CDE90601C4E700BFC0930008989300088B
:106060000000F03F0000244000001C4000001440ED
:106070000000E03F31462846FAF72EFA5646CDE9B1
:1060800010011394DDE90601FAF7D6FC0546FAF78C
:10609000B9F902460B46DDE90601FAF765F8024652
:1060A0000B46303506F8015BA642CDE906234FF0DA
:1060B000000224D1DDE91001AE4BFAF757F8024691
:1060C0000B46DDE90601FAF797FC002863D1DDE90C
:1060D00010230020A749FAF747F802460B46DDE9EE
:1060E0000601FAF76BFC00283FF414AF139E731EF1
:1060F000139316F8013C302BF8D047463BE09E4BFB
:10610000FAF7EAF9CDE90601BCE75646DDE90645AE
:10611000DDE9042320462946FAF708FBFAF78CFC50
:106120008046FAF76FF9DDE90423FAF7D5F902465C
:106130000B4620462946FAF717F808F13004089D67
:1061400006F8014BA6EB0A04A54202460B4633D1E2
:10615000FAF70CF8DDE9042304460D46FAF74CFC87
:10616000C0B9DDE9042320462946FAF71DFC10B129
:1061700018F0010F0ED14846039900F0BBFB002335
:106180003370229B01371F60249B002B00F04B8251
:106190001E6048E2B84633461E4613F8012D392AE0
:1061A00006D19A45F8D1302208F101088AF800207A
:1061B0001A7801321A70A0E700226F4BFAF78CF9B7
:1061C0000022002304460D46FAF7EEFB00289FD07C
:1061D000D1E70B9A002A00F0EA80209A012A00F306
:1061E000CD80129A002A00F0C18003F233430A9C4A
:1061F000049E049A01211A440492099A48461A44BA
:10620000099200F075FC054666B1099B002B09DD7B
:10621000B342A8BF3346049AF61AD21A0492099AD6
:10622000D31A09930A9B0BB30B9B002B00F0C6807B
:10623000002C00F0C08029462246484600F010FDA0
:10624000039A01460546484600F068FC03998046DB
:10625000484600F04FFB0A9B1B1B0A9300F0B180DD
:1062600041460A9A484600F0FBFC0390012148464B
:1062700000F03EFC0E9B0446002B00F0D8811A462D
:106280000146484600F0ECFC209B0446012B00F33D
:106290009F80069B002B40F09780079BC3F313035E
:1062A000002B40F09380079B23F000431B0D1B0540
:1062B00033B1049B01330493099B013309930123F8
:1062C0000A930E9B002B00F0B881236904EB830333
:1062D000186900F0C1FBC0F12000099B184410F0C0
:1062E0001F0000F08280C0F12003042B73DD049BAB
:1062F000C0F11C0003440493099B06440344099322
:10630000049B002B05DD1A464846039900F002FD68
:106310000390099B002B05DD21461A46484600F0F4
:10632000F9FC04460F9B002B61D02146039800F036
:106330005DFD00285BDA00230A224846039900F03D
:10634000FBFA0B9B07F1FF380390002B00F07781DD
:10635000294600230A22484600F0EEFABBF1000F5E
:1063600005466FDC209B022B49DC6BE0149BC3F1DC
:1063700036033CE70000E03F00002440089B5C1E21
:106380000A9BA34209DB1C1B089B002BBFF630AF06
:10639000049B089A9E1A00232BE70A9B0E9AE31A85
:1063A0001A440A94049E0024089B0E9221E70A9C3A
:1063B000049E0B9D28E7DDF80C8051E70A9A0399AB
:1063C00050E7CDF80C8051E7002379E7069B77E78B
:1063D00000230A9379E793D0049A1C331A44049259
:1063E000099A1E441A4409928AE70346F4E7089B77
:1063F000B846002B20DC9B46209B022B1EDDBBF108
:10640000000F7FF4B1AD21465B460522484600F0FF
:1064100093FA01460446039800F0E8FC00287FF751
:10642000A3AD5646312308F1010806F8013B9FE56C
:10643000B846089C2546F4E7DDF820B00B9B002BFE
:1064400000F00181002E05DD29463246484600F065
:1064500061FC05460A9B002B5CD04846696800F049
:1064600009FA064628B9024640F2EF21804BFFF7B1
:1064700043BB2A6905F10C01023292000C3002F094
:1064800015F901223146484600F044FC2F460546E6
:106490000AF1010304930AEB0B030A93069B03F032
:1064A00001030993049B2146039803F1FF3BFFF787
:1064B00087FA034639463033069003980B9300F071
:1064C00095FC2A4608902146484600F0ABFCC2687D
:1064D00006460B9B02BB0146039800F087FC024670
:1064E0000B9B31464846CDE90B3200F003FA209B66
:1064F0000C9A049E42EA0301099B19430B9B0DD1A0
:10650000392B27D0089A002A01DD069B31338BF8FE
:1065100000302EE52846B9E70122E2E70899002974
:1065200004DB209801430998014320D1002AEEDDC5
:10653000012203994846049300F0ECFB21460390A6
:1065400000F054FC0028049B02DCE0D1DA07DED521
:10655000392BDAD139238BF8003033461E4616F832
:10656000012C013B392A4ED001321A7001E5002A74
:1065700003DD392BEED00133C9E7049A0A9902F8FA
:10658000013C8A4228D000230A220399484600F0A1
:10659000D3F9AF4203904FF000034FF00A0239469F
:1065A000484607D100F0C8F907460546049B013369
:1065B000049377E700F0C0F92946074600230A2232
:1065C000484600F0B9F90546F0E7BBF1000FCCBF33
:1065D0005E4601260027564401220399484604934B
:1065E00000F098FB2146039000F000FC0028B4DC8A
:1065F00002D1049BDB07B0D433461E4613F8012DAD
:10660000302AFAD0B5E49A45A8D1312308F101081F
:106610008AF80030ADE4249BDFF858A01BB10AF1E2
:106620000803249A1360504617B0BDE8F08F209BF2
:10663000012B7FF72EAE0E9B0A9301204DE6BBF196
:10664000000F7FF7D9AE564621460398FFF7B8F9F9
:1066500000F1300306F8013BA6EB0A029345B4DDD6
:1066600000230A224846039900F066F90390EBE7FD
:1066700067920008EB91000838B50546002940D024
:1066800051F8043C0C1F002BB8BFE41800F0E6F8EA
:106690001C4A136833B9636014602846BDE838406B
:1066A00000F0E2B8A34208D9206821188B4201BF4C
:1066B00019685B6809182160EDE71A465B680BB141
:1066C000A342FAD911685018A0420BD120680144A6
:1066D000501883421160E0D118685B68084410606C
:1066E0005360DAE702D90C232B60D6E72068211823
:1066F0008B4201BF19685B680918216063605460B0
:10670000CBE738BDA0040020024B0146186800F01A
:1067100025B800BF3000002070B50F4E0C46316820
:10672000054611B901F0B2FF30602146284601F05C
:10673000ADFF431C03D14FF0FF34204670BDC41C95
:1067400024F00304A042F8D0211A284601F09EFF4D
:106750000130F2D1EFE700BF9C0400202DE9F8439F
:10676000CD1C25F0030508350C2D38BF0C25002D58
:10677000064601DBA94204D90C2333600020BDE8A2
:10678000F883DFF8D48000F069F8D8F800301C46B0
:1067900044BB29463046FFF7BFFF431C044658D18F
:1067A000D8F800402746002F43D1002C4BD0236857
:1067B0003946304604EB030901F068FF814542D1B8
:1067C000216830466D1A2946FFF7A6FF01303AD0FE
:1067D00023682B442360D8F800305A6862BBC8F89D
:1067E00000700FE02268521B20D40B2A17D96119C0
:1067F000A342256018BF5960636808BFC8F800103D
:1068000062514B60304600F02FF804F10B00231D5D
:1068100020F00700C21A1CBF1B1AA350AFE7626822
:10682000A3420CBFC8F800205A60EBE72346646817
:10683000AEE73C467F68B6E71A465B68A342FBD1E9
:1068400000235360DEE70C233046336000F00CF881
:1068500094E70560D6E700BFA00400200148FFF7D9
:106860009AB800BF980400200148FFF795B800BF10
:106870009804002070B5C66904460D4676B910200C
:10688000FFF742FF0246E06120B96B21174B184821
:1068900001F020FFC0E901660660C660E669F368A2
:1068A00083B1E369DB6853F82500B8B9012101FA27
:1068B00005F6721D2046920001F02AFF60B1C0E982
:1068C00001560EE021220421204601F021FFE36958
:1068D000F060DB68002BE4D1002070BD026843F853
:1068E00025200023C0E90333F7E700BFF891000833
:1068F0007892000870B5C66905460C4676B9102036
:10690000FFF702FF0246E86120B98F21084B0948D2
:1069100001F0E0FEC0E901660660C6603CB1EB69CB
:106920006268DB6853F82210216043F8224070BD92
:10693000F8910008789200082DE9F04107460C46CE
:106940001E4600200D6901F1140CDCF80030013006
:1069500099B202FB01611E0C0B0C02FB063389B2DB
:1069600001EB034185424FEA13464CF8041BECDC73
:106970000EB3A368AB4219DC616838460131FFF7FA
:1069800079FF804628B90246BA210C4B0C4801F029
:10699000A1FE226904F10C01023292000C3001F0D8
:1069A00085FE21463846FFF7A5FF444604EB8503E4
:1069B00001355E6125612046BDE8F08167920008DF
:1069C000789200082DE9F843154609221F4608333E
:1069D0000C4693FBF2F30646012200219A4209DBA2
:1069E0003046FFF747FF40B90246D321184B1948FC
:1069F00001F070FE52000131F0E7089B092D436160
:106A00004FF00103036116DD04F10909C8462C4467
:106A100018F8013B01460A223046303BFFF78CFF55
:106A2000A045F5D1A5F108044C442D1B6319BB42C8
:106A300004DBBDE8F88309250A34F6E714F8013BC6
:106A400001460A223046303BFFF776FFEEE700BFF3
:106A500067920008789200080346B0F5803F3ABF7D
:106A6000030410200020B3F1807F3CBF1B020830DC
:106A7000B3F1805F3CBF1B010430B3F1804F3CBFDA
:106A80009B000230002B05DB13F0804F00F101006A
:106A900008BF202070470368024613F007000BD0A0
:106AA000D90721D4980749BF5B089B0801201360D0
:106AB0005CBF02201360704799B209B910201B0C0B
:106AC000D9B209B908301B0A190704BF1B090430E1
:106AD000990704BF9B080230D90703D45B0800F173
:106AE000010003D0136070470020704720207047DA
:106AF00010B50C460121FFF7BDFE024628B940F251
:106B00004511044B044801F0E5FD01234461036194
:106B100010BD00BF67920008789200082DE9F04F81
:106B200017460A693B6989469A42A2BF3B460F460F
:106B300099463D69D9F810A0BB68796805EB0A064B
:106B4000B34285B0B8BF0131FFF794FE30B90246B9
:106B50004FF4B171404B414801F0BCFD00F1140409
:106B60002346002204EB860E734520D307F1140858
:106B700009F1140108EB850501EB8A030293EB1B75
:106B8000153B23F0030304331537BD4238BF0423FC
:106B90000193029B03918B420CD8002E03DD5EF81B
:106BA000043D002B55D0066105B0BDE8F08F43F8D9
:106BB000042BD9E7B1F800A0BAF1000F1FD0C446EA
:106BC000A14600275CF8042BD9F800301FFA82FB9D
:106BD0009BB20AFB0B333B44D9F80070120C3F0CFC
:106BE0000AFB027202EB13429BB243EA0243654581
:106BF0004FEA124749F8043BE4D8019BE750039B56
:106C00000431B3F80290B9F1000F20D04746A446F2
:106C10004FF0000A2368B7F800B0BCF802209BB21E
:106C200009FB0B22524443EA02434CF8043B57F859
:106C3000043B4FEA134ABCF80030BD4209FB0A335B
:106C400003EB12434FEA134AE5D8019AA3500434E8
:106C50009FE7013EA1E700BF679200087892000815
:106C60002DE9F843154612F0030207460E4607D0F9
:106C7000254C013A002354F82220FFF75DFE06461A
:106C8000AD103DD0FC697CB91020FFF73DFD0246F8
:106C9000F86128B940F2B3111C4B1D4801F01AFDF0
:106CA000C0E901440460C460D7F81C80D8F80840EB
:106CB0004CB940F271213846FFF71AFF0023044611
:106CC000C8F8080003604FF00009EB070AD5314609
:106CD00022463846FFF722FF804631463846FFF706
:106CE00009FE46466D100BD0206838B92246214671
:106CF0003846FFF713FF2060C0F800900446E4E731
:106D00003046BDE8F88300BF88930008F89100087A
:106D1000789200082DE9F0470C4607469146236912
:106D2000496803EB6218A3684FEA621A08F101068A
:106D3000B3420BDB3846FFF79DFD054648B90246D6
:106D40004FF4EF71274B284801F0C4FC01315B0080
:106D5000EEE7002300F1140100F11002184653453C
:106D600033DB20692AEAEA7A04F1140319F01F09D7
:106D700001EB8A0103EB800C2BD08A460022C9F17B
:106D8000200E186800FA09F010434AF8040B53F873
:106D9000042B9C4522FA0EF2F3D8ACEB0403153B0E
:106DA00023F00303043304F11500604588BF042376
:106DB000CA500AB108F10206013E384621462E614A
:106DC000FFF798FD2846BDE8F08742F8040F01332D
:106DD000C5E7043953F8042B9C4541F8042FF9D832
:106DE000EAE700BF679200087892000803460A6944
:106DF000006930B5801A0ED11433143103EB8204CC
:106E000001EB820154F8045D51F8042D954203D042
:106E100005D24FF0FF3030BDA342F3D3FBE7012092
:106E2000F9E700002DE9F74F894606461146484626
:106E30001446FFF7DBFF051E12D129463046FFF747
:106E400019FD024628B940F237213E4B3E4801F079
:106E500041FC0123C0E90435104603B0BDE8F08FC2
:106E6000BCBF4B46A1463046D9F80410BABF1C46F9
:106E700001250025FFF7FEFC024618B940F2452126
:106E8000304BE3E700F1140BD9F8107009F110034F
:106E9000C5604FF0000C09F11405D946266904F1CC
:106EA000140E05EB87080EEB86060193019B5EF836
:106EB000040B53F804AF81B201931FFA8AF35B1AF3
:106EC000000C6344C0EB1A4000EB23409BB243EA42
:106ED000004376454FEA204C49F8043BE6D8331B83
:106EE000153B23F0030315340433A64238BF0423B3
:106EF0001D445B441E462C4644450ED308F1030155
:106F0000491B21F00301033DA84538BF00210B4474
:106F100053F8041D99B117619EE7E64654F8041B27
:106F20001FFA81FCF444080C714400EB2C4089B238
:106F300041EA00414FEA204C46F8041BDCE7013FE0
:106F4000E6E700BF67920008789200080E4B0B40FE
:106F5000A3F15073002B08DC5B42B3F1A07F4FEA32
:106F6000235204DA4FF400231341002208E0A2F177
:106F700014031E2BD6BF4FF000420122DA4000233B
:106F800019461046704700BF0000F07F0269F8B54F
:106F900000F1140606EB820252F8044C1E4F204604
:106FA000FFF75AFD0346C0F120000A2BA2F10405A9
:106FB000086012DCAE422CBF002252F8082CC3F14C
:106FC0000B0C153324FA0CFE04FA03F322FA0CF22C
:106FD0004EEA07011A431046F8BDAE4236BFA2F191
:106FE0000805002252F8082C0B3B12D0C3F12007F1
:106FF00022FA07F19C400C43B54244F07F5194BF04
:10700000002455F8044C9A40FC4041F440112243BE
:10701000E1E744EA0701DEE70000F03F2DE97343B2
:10702000012190469946089EFFF724FC044630B99A
:10703000024640F20F31234B234801F04BFBC9F3CA
:107040000A55C9F313030DB143F480130193B8F14A
:10705000000324D068460093FFF71DFDDDE9001210
:10706000D8B1C0F1200302FA03F30B43C2406361BD
:107070000192019B002B0CBF01220222A36122611D
:10708000ADB1A5F2334505443560C0F13500099B2B
:107090001860204602B0BDE870836161E9E701A88D
:1070A000FFF7F9FC019B012263612030E7E7A0F2C2
:1070B000324004EB820330601869FFF7CDFCC0EB6F
:1070C0004210E4E767920008789200082DE9F04F3B
:1070D00085B0CDE9001002A9FFF758FF8B460646A0
:1070E0000F46009803A9FFF751FF0D46019B894603
:1070F0001969009B04461B693046C91ADDE9023252
:107100009B1A03EB4113002BCDBF3A462A46C3EB33
:10711000033302EB035BD8BF02EB03594B46224615
:107120005946F9F703FB05B0BDE8F08F013970B59A
:1071300049111469013102F1140300EB810103EBE1
:107140008404051FA3420CD3A31A113B23F00303AD
:107150001132A24288BF002318440023884205D37D
:1071600070BD53F8046B45F8046FEBE740F8043B3F
:10717000F4E700F1140200694B11984210B511DBDD
:107180000ADD11F01F0107D052F8234024FA01F064
:1071900000FA01F18C420BD102EB8303934203D836
:1071A000002010BD0346F7E753F8041D0029F5D071
:1071B0000120F6E72DE9F0410F469046FFF7C6FEA5
:1071C00004460D46B8F1000F11D0C7F30A53C3F1BE
:1071D0006B03002B0BDD00241B0503F17F5505F528
:1071E000401522462B46F9F777F904460D4620460E
:1071F0002946BDE8F08100002DE9F04F9FB01792BD
:1072000000220C461A924FF0000A4FF0000B0A467B
:107210000590199211782B2948D036D80D2930D8ED
:10722000082930D8002939D000220E92199D2A78D9
:10723000302A40F0B0806A7802F0DF02582A6CD120
:1072400002930E9B8F4A01931AAB009305981BABD8
:1072500019A901F0D9FA10F00F06044605D0062E40
:1072600026D10023013519950E93179B002B40F072
:1072700082850E9BBBB150460BF100411FB0BDE8AB
:10728000F08F2029D0D10132C3E72D29CCD10121A3
:107290000E91511C19915278002AC7D1179B19944D
:1072A000002B40F0668550465946E7E70021EFE79E
:1072B0001A9A3AB135211CA8FFF738FF1A99059898
:1072C000FFF718FB013E1B9A042E06D8DFE806F0F4
:1072D00014031D201400DDE91CABE10548BF4BF091
:1072E000004B2BF000431B0D1B05002BBDD1FEF7FF
:1072F00027FB22230360B8E702F23342DDE91CA337
:1073000023F4801343EA025BE7E7DFF87CB1E4E7AC
:107310006FF0004B4FF0FF3ADFE7199B5A1C1992B0
:107320005B78302BF9D0002B9FD0012300270A2255
:10733000B9460893199B0B970C9319980578A5F1FA
:107340003003D9B2092928D90122504901F069F93D
:10735000002832D000202A4603464D460A90652A6E
:1073600001D0452A14D11DB9089A024396D00025B0
:10737000199C621C199262782B2A7AD02D2A7ED011
:107380004FF0000CA2F13001092940F285801994D8
:107390004FF00008A5E00023C8E7B9F1080FD8BFF7
:1073A0000B9900F10100D6BF02FB013302FB073746
:1073B0000B9309F101091990BFE7199B5A1C199207
:1073C0005A78B9F1000F3BD04D460A90A2F1300334
:1073D000092B12D90123C2E7199B01305A1C1992BB
:1073E0005A78302AF8D0A2F13103082B00F2C88471
:1073F0000A9000200546199B0C93303A00F10103D6
:1074000018D02E464FF00A0E0A9919440A91711CA1
:10741000A1EB050C634515DC20EAE0702B18082B66
:1074200005F1010505441ADC0A230B9903FB01232E
:107430000B930023199A1846511C19915278C5E7ED
:107440004846CEE7082E05DC0B9E0EFB06F60B9693
:107450000E46DCE71029D8BF0EFB07F7F8E70F2B25
:10746000DCBF0A2303FB0727E3E700230A9301237A
:107470007AE74FF0000CA21C1992A27882E74FF035
:10748000010CF8E79C9400080000F07FD1920008FE
:10749000199A511C19915278302AF9D0A2F1310170
:1074A00008293FF675AF4FF00A08303A0992199A49
:1074B0000F92199A561C19965278A2F1300EBEF10D
:1074C000090F39D90F9944F61F68761A082E03DC84
:1074D00009998845A8BF8846BCF1000F01D0C8F1C2
:1074E0000008002D4ED1089908437FF4BEAE002B52
:1074F0007FF4D4AE692A28D025DC492A25D04E2A2B
:107500007FF4CCAE994919A801F0A0FB00283FF404
:10751000C5AE199B1B78282B2ED195491CAA19A8FA
:1075200001F0A8FB052827D11D9BDDF870A043F0D2
:10753000FF4B4BF4E00B98E6099908FB0121A1F100
:1075400030020992B5E76E2ADAE78A4919A801F0F4
:107550007DFB00283FF4A2AE199B8749013B19A887
:10756000199301F073FB10B9199B013319934FF074
:10757000000ADFF808B278E6814801F0A5F88246F3
:107580008B4672E60A9BB9F1000F08BFA946A8EB2B
:107590000303102D0B982C460993A8BF1024F8F76D
:1075A00021FF092D82468B4611DC099B002B3FF4FD
:1075B0005CAE099B76DD162B5DDC7249524601EB11
:1075C000C3015B46D1E90001F8F786FFD7E76D4BB1
:1075D00003EBC40353E91223F8F77EFF82463846D3
:1075E0008B46F8F7FFFE02460B4650465946F8F721
:1075F000BDFD0F2D82468B46D7DD099B2C1B1C44FD
:10760000002C40F3938014F00F030AD05D495246DA
:1076100001EBC301D1E900015B46F8F75DFF82464B
:107620008B4634F00F0473D0B4F59A7F49DD002403
:10763000A046A1460B9422234FF0000A059ADFF8DA
:107640003CB113600B9B002B3FF40FAE1A990598C9
:10765000FFF750F949460598FFF74CF94146059860
:10766000FFF748F90B990598FFF744F9214605986B
:10767000FFF740F9F9E5099AC5F125039342BCDB10
:10768000404CC5F10F0504EBC5015246D1E900019C
:107690005B46F8F721FF099B5D1B04EBC504D4E9A9
:1076A000002391E71633A8DB0A9B5046A3EB08089A
:1076B000344B594603EBC808D8E90023F9F736F8EC
:1076C0005DE70023504659461E462F4F2411012CDA
:1076D00021DC0BB182468B462B49ABF1547B01EB8D
:1076E000C6015246D1E900015B46F8F7F5FE234B8F
:1076F0000A460B40254982468B4298D8A1F5801155
:107700008B4286BF4FF0FF3ADFF884B002F1547B22
:107710000023089376E0E20704D5D7E90023F8F7C1
:10772000DBFE0123013664100837D0E7F0D0644255
:1077300014F00F020AD0134B504603EBC203594614
:10774000D3E90023F8F7F2FF82468B462411DFD0FD
:107750001F2C1FDD0024A046A1460B942223059A6E
:107760004FF0000A4FF0000B13606BE7BF91000869
:1077700088940008B7910008EE9100080000F07F9F
:1077800027930008C0930008989300080000A07C8D
:10779000FFFFEF7F14F0100318BF6A2350460893D1
:1077A00059460023774EE70704D5D6E90023F8F7BA
:1077B00093FE0123641006F10806F4D10BB1824652
:1077C0008B46089BB3B1CBF30A52C2F16B03002B7B
:1077D00059460FDD1F2B58DD342BD8BF4FF0FF3338
:1077E0004FF0000ACFBF4FF05C7BC2F14B029340D9
:1077F00003EA010B0022002350465946F9F7D4F85A
:107800000028A7D10B9B4A4600930C992B4605985C
:10781000FFF7D8F80B9000283FF409AF0024099A2D
:107820000A9B002AA3EB0803A8BF0023A0461293DB
:1078300022EAE27316930B9B05985968FFF71AF832
:10784000814600283FF4F7AE0B9B0C301A6903F118
:107850000C010232920000F029FF1CAB01931BAB1C
:10786000009352465B460598CDE90CABFFF7D6FB7B
:107870001A9000283FF4DFAE01210598FFF738F990
:10788000804648B94FF00008D5E64FF0FF3202FAC3
:1078900003F303EA0A0AADE71B9D1C9A002DABBF58
:1078A000129B169BEF185E1B089BA8BF169EA5EBAC
:1078B00003051544344B05F1FF35B8BF129F9D42B7
:1078C000C2F1360250DA5B1B1F2B4FF00101A2EB15
:1078D00003023DDC01FA03F3139300231093BD1858
:1078E000089BAF4216441E443B46A8BF2B46B342FA
:1078F000A8BF3346002BC2BFED1AF61AFF1A129B1F
:10790000002B16DD41461A460598FFF7A9F9804677
:107910000028B7D001461A9A0598FFF7FFF80A9099
:1079200000283FF488AE1A990598FEF7E3FF0A9BFA
:107930001A93002D1DDC099B002B27DD4946169A62
:107940000598FFF78DF9814600BB4FF0000972E6FC
:10795000C5F17F4505F57F0505F57B45E23501FA63
:1079600005F310931391BAE70023109301231393A7
:10797000B5E72A461A990598FFF7CCF91A9000281E
:10798000D9D158E6B094000802FCFFFF002E07DDB5
:10799000494632460598FFF7BDF981460028D4D004
:1079A000002F08DD41463A460598FFF7B3F98046B7
:1079B00000283FF440AE4A461A990598FFF732FA7C
:1079C000044600283FF437AEC36841460F930023B6
:1079D000C360FFF70BFA00283DDA0F9B53EA0A0356
:1079E00063D1CBF31303002B5FD12BF000431B0DAE
:1079F0001B05B3F1D66F58D9636913B92369012BFD
:107A000053DD214601220598FFF784F941460446DB
:107A1000FFF7ECF9002848DD2BF00043089A1B0D16
:107A20001B05002A62D0B3F1D66F5FD8B3F15C7F3B
:107A30007FF694AE50465946A34B0022F8F74CFD12
:107A4000A24B82460B408B46002B7FF4FFAD2223D6
:107A5000059A1360FAE5CDF828B065D10F9ACBF3FB
:107A600013035AB39A4A93422BD1089B514603B34E
:107A70005A46964B1340B3F1D46F4FF0FF321BD8E8
:107A80001B0DC3F16B0302FA03F3994219D1914B19
:107A90000A9A9A4202D101313FF4CDAD4FF0000A6B
:107AA0008A4B0A9A1A4002F5801B089B002BC1D111
:107AB000CCE54FF0FF33E8E71346E6E753EA0A0365
:107AC000AAD0109BDBB10A9A1342EED00F9B50460E
:107AD0005946089ABBB1FFF76DFB02460B46DDE93C
:107AE0000C01F8F743FB82468B46DEE7A3F58013D3
:107AF0006FEA135B4FF0FF3A6FEA0B5BD5E7139B1E
:107B000013EA0A0FE1E7FFF755FB02460B46DDE9F2
:107B10000C01F8F729FB0022002382468B46F8F778
:107B200043FF0028C1D019E641462046FFF7CEFAB0
:107B300000224FF0804306460F46F8F749FF002821
:107B40006DD00F9B002B78D1BAF1000F56D10A9B54
:107B5000C3F31303002B58D10022304639465E4B45
:107B6000F8F72CFF002857D13046394600225B4BEE
:107B7000F8F7B2FC06460F4607F100430696079356
:107B8000DDE90623514DCDE910230A9B1D40544BDE
:107B90009D4240F0AB800A9B5046A3F1547B59466E
:107BA000FFF7D4F9DDE90623F8F796FC52465B4669
:107BB000F8F7DCFA0B4645494A4A19409142824699
:107BC00042D90D9A434B9A4203D10C9B01333FF4A7
:107BD00032AD4FF0FF3ADFF8FCB01A990598FEF786
:107BE00089FE49460598FEF785FE41460598FEF751
:107BF00081FE21460598FEF77DFE1CE6BAF1010FD5
:107C000003D10A9B002B3FF4A9AD0022364B00267E
:107C1000CDE90623304FB3E70026304FACE73046BE
:107C200039462E4B0022F8F757FC0F9B06460F46AD
:107C3000002BA1D0CDE90667A2E70022264B16460D
:107C40001F46CDE906239BE703F1547B089BCDF843
:107C500028B0002BC1D12BF000431B0D1B059D420A
:107C6000BBD130463946F9F769FAF8F707FC024606
:107C70000B4630463946F8F777FA0B460246CBF307
:107C80001306CDE90C230F9B46EA0A061E436AD071
:107C900009A3D3E90023F8F791FE00287FF4D6ACBE
:107CA00007A3D3E90023DDE90C01F8F7A5FE0028BE
:107CB00093D0CBE4AFF300809535A094FFFFDF3F76
:107CC00035E5AF350000E03F000050390000F07F9F
:107CD000FFFF0F00FFFFEF7F0000F03F0000E03FDD
:107CE0000000E07FFFFF9F7C0000F0BF089B23B3F4
:107CF000B5F1D46F21D828A3D3E900233046394603
:107D0000F8F766FEA0B139463046F8F7BDFE012807
:107D100038BF0120F8F766FB0F9B06460F46FBB9FC
:107D200001F1004314901593DDE91423CDE91023EC
:107D3000119B03F1D6635B1B1193DDE90C01DDE9B7
:107D400010ABFFF703F902460B4650465946F8F7C9
:107D5000C3FBDDE90C23F8F709FA82468B4675E789
:107D6000CDE91467E0E70EA3D3E90023F8F726FE78
:107D70009DE700230E93199B179A1360FFF779BABA
:107D8000652A3FF472AB452A3FF46FAB0123FFF73E
:107D9000AABB00BFAFF300800000C0FFFFFFDF41C0
:107DA0009535A094FFFFCF3F014BFFF725BA00BFE9
:107DB00080000020242B2DE9F0478646904601D80C
:107DC000012B06D1FDF7BCFD162303600020BDE8A2
:107DD000F0870D4633482A4615F8014B065D16F02C
:107DE0000806F8D12D2C10D101262C78951C33F0E3
:107DF000100215D1302C0DD12A7802F0DF02582A5A
:107E000008D16C78023510230AE02B2C04BF2C78A3
:107E1000951CECE7002BF6D1302C14BF0A23082365
:107E2000002206F1004C0CF1FF3CBCFBF3F91046BC
:107E300003FB19CAA4F13007092F0FD83C46A3420F
:107E40001BDD571C07D0814514D301D1A24511DB9E
:107E5000012200FB034015F8014BEBE7A4F14107B9
:107E6000192F01D8373CEAE7A4F16107192F04D88C
:107E7000573CE4E74FF0FF32EDE7531C08D12223D3
:107E80006046CEF80030B8F1000FA0D0691E06E0C1
:107E900006B14042B8F1000F99D0002AF6D1C8F8D7
:107EA000001094E7D9940008FFF784BF2DE9F0474C
:107EB0001F468E688246BE420C4690460B682DD8FF
:107EC000B1F90C2012F4906F26D06569096905EBB1
:107ED0004505A3EB010905EBD5757B1C4B446D10E3
:107EE0009D4238BF1D46530527D52946FEF736FC6F
:107EF000064660B34A46216900F0D8FBA38923F403
:107F0000906343F08003A38126614E4426603E4681
:107F10006561A5EB0905A560BE4200D93E46324623
:107F20004146206800F063FB0020A3689B1BA36010
:107F3000236833442360BDE8F0872A4600F047FFFA
:107F400006460028E0D150462169FEF795FB0C2338
:107F5000CAF80030A3894FF0FF3043F04003A381FB
:107F6000E9E700002DE9F04F98468B8907461B068C
:107F70000D4614469DB010D50B6973B94021FEF72C
:107F8000EDFB2860286130B90C233B604FF0FF30D7
:107F90001DB0BDE8F08F40236B61002309932023BF
:107FA0008DF8293030234FF00109CDF80C80DFF82F
:107FB00098818DF82A3023469A4613F8012B0AB18E
:107FC000252AF9D1BAEB040B0BD05B462246294691
:107FD0003846FFF76BFF013000F0A780099A5A443A
:107FE00009929AF80030002B00F09F8000234FF098
:107FF000FF32CDE905230AF1010A049307938DF8B6
:1080000053301A935446052214F8011B4E48FDF7CD
:10801000C4FC049AD8B9D00644BF20238DF853304D
:10802000110744BF2B238DF853309AF800302A2BC8
:1080300015D0544600204FF00A0C079A214611F83B
:10804000013B303B092B4BD9B0B1079214E0A0EBB8
:10805000080309FA03F31343A2460493D2E7039BF0
:10806000191D1B680391002BBBBF5B4242F002024B
:1080700007930793B8BF049223782E2B0AD1637815
:108080002A2B32D1039B02341A1D1B68039243EA48
:10809000E3730593DFF8B4A0032250462178FDF77F
:1080A0007CFC38B14022049BA0EB0A0082401343C1
:1080B0000134049314F8011B062225488DF828107A
:1080C000FDF76BFC002836D0224B1BBB039B07330C
:1080D00023F0070308330393099B334409936AE7AA
:1080E0000C4601200CFB0232A8E700234FF00A0CDB
:1080F000194601340593204610F8012B303A092A1D
:1081000003D9002BC6D00591C4E7044601230CFB1C
:108110000121F0E703AB00932A4638460E4B04A931
:10812000FCF7CAFB421C0646D6D1AB895B063FF57D
:108130002DAF09982CE703AB00932A463846064B2F
:1081400004A9FCF757FEEDE7D3920008D992000886
:10815000DD920008B9480008AD7E0008936810B4AD
:10816000013B002B936007DA9469A34201DB0A29E3
:1081700002D110BCFDF7FDBA1368581C10601970CD
:10818000084610BC7047F8B506460F461446D51889
:10819000AC4201D1002007E03A46304614F8011BFA
:1081A000FFF7DCFF431CF3D1F8BD00002DE9F04FD1
:1081B0000D461446984606469DB018B1036A0BB9A1
:1081C000FDF7CCF96B6ED90705D4AB899A0502D4BB
:1081D000A86DFDF7E0FBAB891B0701D52B699BB9A7
:1081E00029463046FDF704FB70B16B6EDC0704D501
:1081F0004FF0FF301DB0BDE8F08FAB899805F7D484
:10820000A86DFDF7C9FBF3E70023099320238DF840
:10821000293030234FF00109CDF80C80DFF8A88118
:108220008DF82A3023469A4613F8012B0AB1252AE5
:10823000F9D1BAEB040B0BD05B46224629463046F7
:10824000FFF7A1FF013000F0A780099A5A44099274
:108250009AF80030002B00F09F8000234FF0FF328F
:10826000CDE905230AF1010A049307938DF85330F1
:108270001A935446052214F8011B5348FDF78DFB51
:10828000049AD8B9D10644BF20238DF85330130780
:1082900044BF2B238DF853309AF800302A2B15D089
:1082A000544600204FF00A0C079A214611F8013B72
:1082B000303B092B4BD9B0B1079214E0A0EB080377
:1082C00009FA03F31343A2460493D2E7039B191D53
:1082D0001B680391002BBBBF5B4242F00202079375
:1082E0000793B8BF049223782E2B0AD163782A2BE8
:1082F00032D1039B02341A1D1B68039243EAE373D5
:108300000593DFF8C8A0032250462178FDF745FB0E
:1083100038B14022049BA0EB0A0082401343013491
:10832000049314F8011B062229488DF82810FDF744
:1083300034FB00283FD0274B1BBB039B073323F0A4
:10834000070308330393099B3B4409936AE70C46F0
:1083500001200CFB0232A8E700234FF00A0C19465B
:1083600001340593204610F8012B303A092A03D92D
:10837000002BC6D00591C4E7044601230CFB012164
:10838000F0E703AB00932A463046134B04A9FCF7F1
:1083900093FA0746781CD6D16B6ED90705D4AB8902
:1083A0009A0502D4A86DFDF7F7FAAB895B063FF595
:1083B0001FAF09981EE703AB00932A463046064BD1
:1083C00004A9FCF717FDE4E7D3920008D99200084E
:1083D000DD920008B948000887810008B1F90C2037
:1083E000F8B5160705460C4654D44B68002B02DC42
:1083F0000B6C002B48DDE66A002E45D0002312F4FA
:1084000080522F68216A2B6030D0626DA389590792
:1084100005D56368D21A636B0BB1236CD21A0023A3
:108420002846E66A216AB047431CA38906D1296819
:108430001D292BD8284ACA40D60727D500226260BA
:108440002269D904226004D5421C01D12B6803B9EA
:108450006065616B2F60B9B104F14403994202D0A9
:108460002846FEF709F9002363630DE0012328463F
:10847000B0470246501CC9D12B68002BC6D01D2B1B
:1084800001D0162B1DD12F60002021E043F04003C6
:108490001BB21AE00F69002FF6D0930718BF002314
:1084A0000E6808BF4B69F61B0F608B60002EEBDD7A
:1084B00033463A462846216AD4F828C0E0470028C7
:1084C00007DCB4F90C3043F040034FF0FF30A381D8
:1084D000F8BD0744361AE9E70100402038B50B69BA
:1084E00005460C4613B90025284638BD18B1036A65
:1084F0000BB9FDF733F8B4F90C30002BF3D0626EF2
:10850000D00704D4990502D4A06DFDF744FA28469B
:108510002146FFF763FF636E0546DA07E4D4A389BB
:108520009B05E1D4A06DFDF737FADDE770B50C4689
:10853000B1F90E10154600291E4696B00CDAA38933
:10854000002113F0800F14BF40234FF480630020FC
:1085500031602B6016B070BD6A4600F075F80028D7
:10856000EDDB019901F47041A1F5005359425941E5
:108570004FF48063EBE78B89F7B59D0706460C4601
:1085800007D504F14703236023610123636103B02E
:10859000F0BD6A4601ABFFF7C9FF009F05463946AB
:1085A0003046FEF7DBF848B9B4F90C309A05EED442
:1085B00023F0030343F00203A381E2E7A389C4E9A4
:1085C000040743F08003A381019B20605BB1304628
:1085D000B4F90E1000F04AF828B1A38923F0030380
:1085E00043F00103A381A3891D43A581CFE78842FE
:1085F00010B501EB020402D98442234607D8431E7A
:10860000A14208D011F8012B03F8012FF8E7014629
:1086100002448A4200D110BD13F8014D02F8014D09
:10862000F7E710B56AB10139841810F8012B11F879
:10863000013F9A4203D1A04201D0002AF5D1D01ABD
:1086400010BD1046FCE7000038B50023064D044677
:10865000084611462B60F9F721FD431C02D12B6817
:1086600003B1236038BD00BF9404002038B5002357
:10867000054D044608462B60F9F71FFD431C02D147
:108680002B6803B1236038BD9404002038B5002363
:10869000054D044608462B60F9F726FD431C02D120
:1086A0002B6803B1236038BD940400200A44914232
:1086B00000F1FF3300D1704710B511F8014B914222
:1086C00003F8014FF9D110BD00200149704700BFE8
:1086D0000000F87F1FB514461A46094B05461B6873
:1086E000D8684CB1074BCDE9013400912B460649BF
:1086F00000F0A8FB00F0B8FB044B1C46F3E700BFFA
:1087000030000020EC920008F9920008279300083E
:1087100070B5A1FB025434B92946FEF71FF806468E
:1087200028B9304670BD0C2200260260F9E72A46BF
:108730002146FDF7B3F8F4E703692DE9F043B3EB05
:10874000611F00F114044FEA611246DD11F01F01B0
:1087500004EB830604EB82050CD1294600F11007D7
:10876000B14235D39B1A9B00EA1E964238BF0023C4
:10877000234415E0A14654F82270C1F12008CF40EF
:1087800005F1040E7645F44616D89A1A9200043A7A
:108790000135AE4238BF0022A318A75007B10433F9
:1087A000A342A3EB040208BF00234FEAA202026126
:1087B00008BF4361BDE8F083DCF800C00CFA08FC98
:1087C0004CEA070749F8047B5EF8047BCF40D9E701
:1087D00051F804CB47F804CFC2E72346E0E7A0F105
:1087E0003003092B02D82038C0B27047A0F16103D2
:1087F000052B01D84738F7E7A0F14103052B01D835
:108800002738F1E7002070472DE9F04F8A4690465F
:1088100085B002930B6801909C1CA14614F8010BD3
:108820003028FAD0A9EB0303A3F1020BFFF7D7FF1F
:108830000546002868D1012248469F49FFF7F1FE0E
:108840000746002867D199F801002646FFF7C7FFC1
:10885000002862D0234618789946302803F1010396
:10886000F9D0FFF7BCFFB0FA80F54FF0010B6D09AE
:108870004A46164630780132FFF7B1FF0028F8D19A
:10888000012230468C49FFF7CCFE00283FD144B985
:10889000741C2246164630780132FFF7A0FF0028EC
:1088A000F8D1A41BA700337803F0DF03502B3ED18F
:1088B00073782B2B33D02D2B34D00024711C0878E7
:1088C000FFF78DFF431EDBB2182B30D8A0F110024A
:1088D00011F8010FFFF783FF00F1FF3C5FFA8CFCFA
:1088E000BCF1180F4FF00A031ED904B152421744CD
:1088F000CAF80010EDB1BBF1000F0CBF0625002532
:10890000284605B0BDE8F08F00252C46B0E7002CC6
:10891000C7D12746C7E74E462F460125C3E70024A7
:10892000B11CCCE70124FBE703FB0200CEE7314694
:10893000DEE72946A6EB0903013B072B0ADC019879
:10894000FDF798FF044640B90246E4215B4B5C48C2
:10895000FFF7C0FE01315B10EFE7002300F1140ABE
:1089600055469B46B14537D345F804BBA5EB0A05F0
:10897000AD1025615846FEF76FF86D01D8F800601C
:108980002D1AB54254DDAD1B29462046FEF7F1FBFA
:10899000814678B14FF001096B1E59115AF8211028
:1089A00003F01F0209FA02F20A4203D04B4536DCFB
:1089B0004FF0020929462046FFF7BEFE2F44D8F8A3
:1089C0000830BB4242DA21460198FDF793FF0023AD
:1089D0000E9AA325136093E716F8012D2E2A12D0C4
:1089E000202B04D145F804BB4FF0000B5B463078D8
:1089F0000393FFF7F4FE039B00F00F0098404BEA4F
:108A0000000B0433AEE7B145EAD8012230462A49CB
:108A10000393FFF706FE039B0028E1D1A2E720465F
:108A2000A91EFEF7A6FB0028C2D04FF00309C1E73C
:108A300009DA751B21462A460198FEF76BF90446B0
:108A40007F1B00F1140A4FF00009B8E7D8F8045072
:108A5000BD426FDDED1BAE4234DCD8F80C30022B8A
:108A600022D0032B24D0012B15D1AE4213D1012EDD
:108A70000BD1D8F80430029A6225136001232361D8
:108A8000CAF800300E9B1C603AE72046711EFEF7C4
:108A900070FB0028EDD121460198FDF72BFF002344
:108AA0000E9A502513602BE70F9B002BF3D1E0E7C4
:108AB0000F9B002BDDD1EEE7D192000867920008F2
:108AC000289300086F1EB9F1000F30D127B1394645
:108AD0002046FEF74EFB814601232946761B0225E0
:108AE0007A115AF8222007F01F07BB401342204694
:108AF00018BF49F00209FFF71FFED8F80470B9F15A
:108B0000000F47D0D8F80C30022B15D0032B17D00C
:108B1000012B09D119F0020F06D0DAF8003049EA2A
:108B2000030919F0010F0ED145F0100532E04FF0A6
:108B30000109D1E70125E2E70F9BC3F101030F9380
:108B40000F9B002BF0D04FF0000CD4F810B004F1C4
:108B500014034FEA8B0A03EB8B01184653F8042BDE
:108B6000B2F1FF3F1BD001320260022D04F1140369
:108B70003CD1D8F80020013AB24209D1012271114A
:108B800053F8213006F01F0602FA06F61E423AD1CB
:108B900045F020050E9B1C60029B1F60B0E69942C9
:108BA00043F804CCD9D8A3689B4517DB61680198CA
:108BB0000131FDF75FFE814618B902468421194B49
:108BC000C5E6226904F10C01023292000C30FFF775
:108BD0006DFD21460198FDF78DFE4C4623695A1C18
:108BE0002261012204EB83035A61BEE722695A45E0
:108BF0000BDD01212046FFF79FFDD8F80830013733
:108C0000BB42FFF6E0AE0125C2E716F01F06FAD020
:108C1000534453F8040CFDF71FFFC6F12006B04281
:108C2000E7DBF0E767920008C2F10802920070B536
:108C3000C2F120064368046803FA06F52C43D340CA
:108C4000046040F8043F8842F4D370BD30B5036837
:108C5000013311F8014B14B90360012030BD13F842
:108C6000012BA2F14105192D98BF2032A242F0D06C
:108C70000020F3E72DE9F04F00250B6882465E11D6
:108C800002EB860613F01F0318BF0436371F904609
:108C9000B9463C46AB4687B00168019346F8045C90
:108CA00002954A784B1C039342B3104605910492F7
:108CB000FFF795FD002851D1049A0599202A18D86C
:108CC000029B9B4513DD4C4506D2072D04DC2A464A
:108CD00049462046FFF7A8FF444552D90023A4F196
:108CE000040944F8043C1D464C46CDF808B00399ED
:108CF000D7E7292A57D10231CAF80010BBF1000F7B
:108D000051D04C4506D2072D04DC2A464946204660
:108D1000FFF78AFF444536D92346A8F1040253F8E9
:108D2000041B9F4242F8041FF9D23B1B23F00303AC
:108D300004330134033EB44288BF04230022434479
:108D400043F8042B9F42FBD23B681BB9474528D10F
:108D500001233B60052007B0BDE8F08F0135082DE9
:108D60000BF1010B06DD4445C1D90023012544F870
:108D7000043C043C226800F00F0040EA021020602E
:108D8000B5E70825B3E7019B002BDDD04FF0FF329C
:108D9000C3F12003DA4056F8043C134046F8043C83
:108DA000D2E7043FD0E70420D5E782B001B901A99A
:108DB00042B14BB113780B601278101E18BF01201E
:108DC00002B070471046FBE76FF00100F8E72DE9AD
:108DD000F041074614460D4621B91146BDE8F04161
:108DE000FDF7BCBC2AB9FDF747FC25462846BDE87F
:108DF000F08100F040F88442064602D8B4EB500FF0
:108E0000F4D821463846FDF7A9FC804608B9454606
:108E1000ECE7B4422246294628BF3246FFF746FC1B
:108E200029463846FDF728FCF1E70346084641B1DC
:108E3000FF2A04D98A224FF0FF301A6070470120C0
:108E40000A7070470EB403B5014603AB054853F8EA
:108E5000042B00680193FFF7A9F902B05DF804EB59
:108E600003B0704730000020062008B500F034F849
:108E70000120F9F7C4F851F8043C181F002BBCBFBF
:108E80000B58C01870471F2938B505460C4604D941
:108E9000162303604FF0FF3038BDC26B12B152F899
:108EA00021304BB9284600F031F8224601462846C9
:108EB000BDE8384000F018B8012B0AD0591C03D186
:108EC000162303600120E7E70021204642F8241022
:108ED00098470020E0E70000024B01461868FFF7C2
:108EE000D2BF00BF3000002038B50023064D044635
:108EF000084611462B60F9F772F8431C02D12B6823
:108F000003B1236038BD00BF94040020F9F760B8B6
:108F100038B5054600F016F8294604462846F8F705
:108F2000F7F868B900212846F8F7CAF840B1FCF70D
:108F300007FD2123002103600846F7F7D7FF044609
:108F4000204638BD20F00042B2F1FF4F2DE9F0413C
:108F5000034604460AD30146F7F714FF01462046AC
:108F6000F7F708FE04462046BDE8F081002AFAD053
:108F7000002806DA0146F7F7FBFD0146F7F7B6FFD2
:108F8000F0E710F0FF413CD0C2150024192026461E
:108F90004FF08071C3F31603A2F17F0543F4000381
:108FA000D20758BF5B006D105B0072189A42CFBFAA
:108FB0001A46561864189A1A01384FEA42034FEAC3
:108FC0005101F2D1BAB1154E154F30683968F7F733
:108FD000CFFDD6F8008001464046F8F77BF850B147
:108FE00030683968F7F7C6FD366801463046F8F74D
:108FF00067F870B10234641004F17C5404EBC5547A
:10900000B1E75B0018020A4601F10101F9D55242AD
:10901000BBE7013424F00104EDE700BFE095000850
:10902000DC950008F8B500BFF8BC08BC9E46704748
:0C903000F8B500BFF8BC08BC9E467047B5
:1090400053656E736F7220666F756E642E20416477
:1090500064726573733A203078253032580D0A00F7
:109060004D41473331313020696E69742045525289
:109070004F520D0043616C6962726174696F6E20BA
:10908000696E2070726F67726573730D0000000067
:1090900043616C6962726174696F6E20444F4E4522
:1090A0000D0000004F6666736574733A20785F6F39
:1090B00066667365743D252E326620795F6F66663D
:1090C0007365743D252E3266207A5F6F6666736520
:1090D000743D252E32660D0A000000004669656C5D
:1090E000642076616C7565733A20783D252E326672
:1090F0002C20793D252E32662C207A3D252E326695
:109100002C2074696D653D256C75206D732C206D68
:109110006F76656D656E7420636F756E7465723AF7
:109120002025640D0A0000004669656C64207661A4
:109130006C7565733A20783D252E32662C20793D7A
:10914000252E32662C207A3D252E32662C2074691D
:109150006D653D256C75206D732C206D6F76656D8A
:10916000656E7420636F756E7465723A2025642C89
:10917000206D6F76656D656E7420646574656374CB
:109180006564210D0A0000000000000000000000DE
:10919000010203040607080900000000010203049D
:1091A00002030405060708090A0B0C0D0E0F101028
:1091B0000102494E4600696E66004E414E006E61E6
:1091C0006E00300030313233343536373839414271
:1091D000434445460030313233343536373839610F
:1091E00062636465660065256C6400496E66696E3D
:1091F000697479004E614E005245454E54206D61B0
:109200006C6C6F6320737563636565646564002FC0
:109210006275696C642F676E752D746F6F6C732D3A
:10922000666F722D73746D33325F31332E332E724D
:10923000656C312E32303234303932362D3137319F
:10924000352F7372632F6E65776C69622F6E657749
:109250006C69622F6C6962632F7374646C69622F2E
:1092600064746F612E630042616C6C6F6320737570
:1092700063636565646564002F6275696C642F675C
:109280006E752D746F6F6C732D666F722D73746DA8
:1092900033325F31332E332E72656C312E323032E1
:1092A00034303932362D313731352F7372632F6EAA
:1092B00065776C69622F6E65776C69622F6C696285
:1092C000632F7374646C69622F6D707265632E63B3
:1092D000002E00232D302B2000686C4C0065666743
:1092E000454647004300504F534958002C206675AF
:1092F0006E6374696F6E3A2000617373657274698E
:109300006F6E2022257322206661696C65643A20A5
:1093100066696C6520222573222C206C696E65209D
:109320002564257325730A002F6275696C642F67A5
:109330006E752D746F6F6C732D666F722D73746DF7
:1093400033325F31332E332E72656C312E32303230
:1093500034303932362D313731352F7372632F6EF9
:1093600065776C69622F6E65776C69622F6C6962D4
:10937000632F7374646C69622F6764746F612D6707
:1093800065746865782E6300050000001900000010
:109390007D000000000000000080E03779C34143F9
:1093A000176E05B5B5B89346F5F93FE9034F384D4B
:1093B000321D30F94877825A3CBF737FDD4F1575F7
:1093C000000000000000F03F00000000000024400A
:1093D00000000000000059400000000000408F40E5
:1093E000000000000088C34000000000006AF84050
:1093F0000000000080842E4100000000D012634174
:109400000000000084D797410000000065CDCD41E9
:10941000000000205FA00242000000E876483742CA
:10942000000000A2941A6D42000040E59C30A24268
:109430000000901EC4BCD64200003426F56B0C43DD
:109440000080E03779C3414300A0D8855734764384
:1094500000C84E676DC1AB43003D9160E458E143E5
:10946000408CB5781DAF154450EFE2D6E41A4B445A
:1094700092D54D06CFF08044F64AE1C7022DB5449F
:10948000B49DD9794378EA4434000000CEFBFFFF55
:10949000CB030000010000000000000035000000C8
:1094A000CEFBFFFFCB030000010000000000000026
:1094B000BC89D897B2D29C3C33A7A8D523F64939AA
:1094C0003DA7F444FD0FA5329D978CCF08BA5B25CC
:1094D000436FAC6428066811002020202020202043
:1094E0002020282828282820202020202020202054
:1094F0002020202020202020208810101010101064
:1095000010101010101010101004040404040404AF
:109510000404041010101010101041414141414149
:10952000010101010101010101010101010101012B
:10953000010101011010101010104242424242423B
:1095400002020202020202020202020202020202FB
:1095500002020202101010102000000000000000A3
:1095600000000000000000000000000000000000FB
:1095700000000000000000000000000000000000EB
:1095800000000000000000000000000000000000DB
:1095900000000000000000000000000000000000CB
:1095A00000000000000000000000000000000000BB
:1095B00000000000000000000000000000000000AB
:1095C000000000000000000000000000000000009B
:1095D0000000000000000000000000006042A20D3A
:0495E0000000803FC8
:0895E4006C6BFF7F0100000029
:0495EC00350100083D
:0495F000110100085D
:1095F40000401C4600401CC600401C4600401CC6DF
:1096040000401C4600401CC600127A0010000000F6
:1096140001000000000000000300000058030020C7
:10962400340000200000000058030020C003002084
:1096340028040020000000000000000000000000DA
:109644000000000000000000000000000000000016
:109654000000000000000000000000000000000006
:1096640000000000000000000000000000000000F6
:1096740043000000000000000000000000000000A3
:1096840000000000000000000000000000000000D6
:109694004300000000000000000000000000000083
:1096A40000000000000000000000000000000000B6
:1096B4004300000000000000000000000000000063
:1096C4000000000000000000000000000000000096
:1096D4004300000000000000000000000000000043
:1096E4000000000000000000000000000000000076
:1096F4004300000000000000000000000000000023
:109704000000000000000000000000000000000055
:109714004300000000000000000000000000000002
:109724000000000000000000000000000000000035
:1097340043000000000000000000000000000000E2
:109744000000000000000000000000000000000015
:109754002B8E0008AB8D000800000000D894000890
:10976400D192000827930008279300082793000844
:1097740027930008279300082793000827930008DD
:109784002793000827930008FFFFFFFFFFFFFFFF59
:10979400FFFFFFFFFFFF0000010041534349490061
:1097A40000000000000000000000000000000000B5
:1097B400000000000000000000004153434949003C
:1097C4000000000000000000000000000000000095
:0C97D40000000000000000000000000089
:04000005080021616D
:00000001FF
